ax,ay,az,gx,gy,gz,mx,my,mz
-304.0,-9432.0,13608.0,-138.0,91.0,20.0,-185.0,-123.0,-371.0
-560.0,-9584.0,13544.0,-112.0,88.0,86.0,-173.0,-125.0,-360.0
-392.0,-9552.0,13432.0,-259.0,25.0,139.0,-178.0,-125.0,-365.0
-360.0,-9488.0,13504.0,-482.0,439.0,-61.0,-179.0,-118.0,-368.0
-288.0,-9312.0,13544.0,-254.0,445.0,-248.0,-182.0,-123.0,-381.0
-472.0,-9616.0,13432.0,-476.0,374.0,-13.0,-185.0,-126.0,-363.0
-536.0,-9376.0,13448.0,-450.0,220.0,-184.0,-190.0,-121.0,-363.0
-544.0,-9632.0,13448.0,-462.0,194.0,-223.0,-186.0,-115.0,-372.0
-520.0,-9616.0,13480.0,-327.0,68.0,-360.0,-187.0,-118.0,-358.0
-288.0,-9608.0,13520.0,-413.0,8.0,-4.0,-177.0,-131.0,-368.0
-592.0,-9408.0,13560.0,-269.0,414.0,-109.0,-183.0,-117.0,-360.0
-600.0,-9464.0,13400.0,-357.0,332.0,-155.0,-175.0,-130.0,-367.0
-536.0,-9304.0,13512.0,-583.0,307.0,16.0,-185.0,-121.0,-371.0
-584.0,-9536.0,13624.0,-581.0,483.0,-97.0,-187.0,-126.0,-371.0
-432.0,-9624.0,13504.0,-448.0,330.0,-35.0,-181.0,-134.0,-370.0
-432.0,-9520.0,13616.0,-359.0,-14.0,-177.0,-175.0,-120.0,-375.0
-472.0,-9600.0,13552.0,-238.0,184.0,117.0,-185.0,-126.0,-373.0
-400.0,-9688.0,13600.0,-366.0,-91.0,-72.0,-187.0,-126.0,-373.0
-344.0,-9680.0,13688.0,-351.0,316.0,-486.0,-183.0,-120.0,-365.0
-552.0,-9352.0,13528.0,-391.0,83.0,196.0,-183.0,-122.0,-372.0
-472.0,-9592.0,13544.0,-114.0,468.0,-151.0,-183.0,-120.0,-375.0
-408.0,-9520.0,13336.0,-304.0,-106.0,-559.0,-181.0,-120.0,-362.0
-488.0,-9648.0,13528.0,-358.0,215.0,-334.0,-186.0,-125.0,-375.0
-368.0,-9568.0,13256.0,-536.0,-109.0,-53.0,-182.0,-128.0,-363.0
-400.0,-9520.0,13440.0,-449.0,320.0,28.0,-182.0,-123.0,-373.0
-304.0,-9232.0,13528.0,-453.0,-96.0,-441.0,-179.0,-123.0,-368.0
-408.0,-9424.0,13408.0,-516.0,302.0,-231.0,-183.0,-122.0,-367.0
-520.0,-9432.0,13472.0,-220.0,78.0,-271.0,-179.0,-126.0,-368.0
-520.0,-9528.0,13568.0,-519.0,460.0,54.0,-187.0,-123.0,-378.0
-288.0,-9576.0,13544.0,-642.0,263.0,-138.0,-190.0,-128.0,-366.0
-392.0,-9576.0,13528.0,-473.0,1.0,-152.0,-177.0,-121.0,-368.0
-320.0,-9280.0,13488.0,-411.0,89.0,120.0,-190.0,-118.0,-363.0
-384.0,-9464.0,13304.0,-399.0,165.0,-175.0,-173.0,-125.0,-362.0
-360.0,-9464.0,13344.0,-90.0,291.0,311.0,-189.0,-127.0,-365.0
-536.0,-9304.0,13192.0,-203.0,229.0,293.0,-177.0,-126.0,-371.0
-520.0,-9304.0,13424.0,-482.0,110.0,67.0,-190.0,-126.0,-368.0
-736.0,-9456.0,13496.0,-473.0,451.0,-37.0,-189.0,-127.0,-362.0
-384.0,-9488.0,13496.0,-540.0,60.0,9.0,-183.0,-120.0,-370.0
-352.0,-9248.0,13576.0,-259.0,202.0,-168.0,-175.0,-122.0,-365.0
-328.0,-9440.0,13552.0,-418.0,286.0,-48.0,-178.0,-117.0,-362.0
-568.0,-9552.0,13496.0,-491.0,89.0,-166.0,-174.0,-128.0,-368.0
-584.0,-9272.0,13552.0,-181.0,196.0,-427.0,-175.0,-134.0,-370.0
-448.0,-9448.0,13560.0,-467.0,660.0,-330.0,-181.0,-130.0,-372.0
-576.0,-9744.0,13664.0,-458.0,324.0,-472.0,-179.0,-131.0,-371.0
1712.0,-6128.0,11640.0,32041.0,-7369.0,-11851.0,-178.0,-120.0,-367.0
-3472.0,-10296.0,15048.0,-5077.0,1972.0,8401.0,-195.0,-141.0,-368.0
-3552.0,-11328.0,22504.0,-27468.0,-6127.0,-1317.0,-195.0,-141.0,-371.0
5192.0,-12424.0,18136.0,-32768.0,-2689.0,-12249.0,-202.0,-127.0,-367.0
2904.0,-17160.0,15552.0,-32768.0,22717.0,-6639.0,-194.0,-95.0,-352.0
1632.0,-22216.0,13392.0,-32768.0,18167.0,9398.0,-187.0,-69.0,-334.0
1456.0,-16408.0,4000.0,-28447.0,20702.0,10414.0,-179.0,-60.0,-306.0
2800.0,-19152.0,2744.0,-27952.0,21944.0,11252.0,-165.0,-41.0,-318.0
472.0,-15264.0,-4088.0,-24583.0,22829.0,6366.0,-136.0,-34.0,-298.0
552.0,-16552.0,-5184.0,-15733.0,17474.0,5817.0,-123.0,-22.0,-280.0
776.0,-18248.0,-5304.0,-12744.0,16425.0,8582.0,-115.0,-17.0,-273.0
304.0,-17392.0,-7016.0,-11072.0,13156.0,8545.0,-86.0,2.0,-253.0
1304.0,-17584.0,-10176.0,-13926.0,7619.0,6811.0,-74.0,-13.0,-244.0
1480.0,-17976.0,-11800.0,-12135.0,-554.0,9983.0,-76.0,-7.0,-226.0
1200.0,-19216.0,-11736.0,-9501.0,-6961.0,16819.0,-64.0,-11.0,-222.0
152.0,-17472.0,-10568.0,-5286.0,-12968.0,29899.0,-48.0,-23.0,-214.0
-328.0,-12208.0,-9024.0,-5479.0,-14823.0,32767.0,-11.0,-28.0,-224.0
-1928.0,-12136.0,-8440.0,-6743.0,-21586.0,32767.0,9.0,-57.0,-227.0
-3032.0,-9200.0,-7448.0,-643.0,-26656.0,32767.0,26.0,-76.0,-240.0
-5128.0,-5904.0,-4632.0,-3246.0,-22004.0,32767.0,44.0,-105.0,-263.0
-6320.0,-4424.0,-4000.0,-4264.0,-25019.0,32767.0,52.0,-152.0,-298.0
-6736.0,-1080.0,-2008.0,-2038.0,-27317.0,32767.0,43.0,-182.0,-324.0
-8352.0,-216.0,640.0,4592.0,-26006.0,32767.0,32.0,-212.0,-344.0
-6496.0,3024.0,2184.0,9436.0,-21119.0,32767.0,-0.0,-257.0,-372.0
-3824.0,7160.0,2680.0,13316.0,-17478.0,32767.0,-6.0,-275.0,-371.0
-3184.0,12448.0,960.0,11445.0,-17824.0,32767.0,-60.0,-321.0,-375.0
-944.0,15040.0,2320.0,12799.0,-14230.0,32767.0,-91.0,-353.0,-372.0
416.0,16928.0,5064.0,7759.0,-6191.0,32767.0,-158.0,-376.0,-346.0
2200.0,19040.0,5064.0,645.0,3047.0,32767.0,-192.0,-381.0,-354.0
4512.0,24408.0,4120.0,-4074.0,8204.0,24731.0,-216.0,-391.0,-341.0
5512.0,25144.0,6088.0,-1145.0,12423.0,12439.0,-224.0,-383.0,-349.0
8472.0,25512.0,7096.0,-6236.0,18153.0,2591.0,-227.0,-386.0,-356.0
9352.0,28656.0,11432.0,-16707.0,30332.0,-13993.0,-215.0,-382.0,-375.0
13608.0,32767.0,15584.0,-29454.0,32767.0,-32768.0,-169.0,-359.0,-388.0
15440.0,32767.0,12408.0,-32768.0,32767.0,-32768.0,-107.0,-345.0,-404.0
12520.0,18728.0,1056.0,-21278.0,32767.0,-32768.0,13.0,-282.0,-375.0
1616.0,7088.0,-5648.0,-10143.0,32767.0,-32768.0,49.0,-242.0,-355.0
-5592.0,7128.0,-5872.0,-2648.0,32767.0,-32768.0,68.0,-161.0,-288.0
-5856.0,4608.0,-6568.0,-1638.0,31506.0,-32768.0,72.0,-128.0,-267.0
-4792.0,-1544.0,-7976.0,1333.0,31378.0,-32768.0,23.0,-76.0,-231.0
-2624.0,-2544.0,-10080.0,7650.0,26870.0,-32768.0,-7.0,-34.0,-206.0
936.0,-6000.0,-11640.0,13337.0,17847.0,-32768.0,-43.0,-1.0,-195.0
3768.0,-9232.0,-9856.0,7818.0,6923.0,-32768.0,-128.0,24.0,-198.0
9184.0,-13080.0,-6504.0,16392.0,-323.0,-32768.0,-194.0,22.0,-208.0
11176.0,-17752.0,-2432.0,22658.0,-2480.0,-32768.0,-249.0,19.0,-216.0
8896.0,-25136.0,-736.0,23504.0,1264.0,-32768.0,-297.0,1.0,-237.0
9216.0,-23376.0,384.0,30252.0,7287.0,-24021.0,-317.0,-17.0,-250.0
12344.0,-18760.0,928.0,32767.0,11820.0,-18106.0,-347.0,-40.0,-277.0
14016.0,-17048.0,2808.0,32767.0,12178.0,-20745.0,-351.0,-51.0,-313.0
13352.0,-18680.0,9040.0,32767.0,20972.0,-24785.0,-343.0,-100.0,-342.0
13640.0,-17336.0,12928.0,32767.0,31400.0,-20768.0,-341.0,-134.0,-380.0
14488.0,-14928.0,13736.0,32767.0,32767.0,-18615.0,-318.0,-180.0,-411.0
13560.0,-13680.0,14224.0,30154.0,32767.0,-16759.0,-280.0,-240.0,-422.0
10472.0,-11624.0,15728.0,20450.0,32767.0,-12749.0,-253.0,-268.0,-433.0
8696.0,-7848.0,15496.0,16938.0,32767.0,-5121.0,-208.0,-278.0,-436.0
6312.0,-9048.0,15056.0,13731.0,32767.0,2821.0,-168.0,-301.0,-419.0
2552.0,-10856.0,13024.0,8499.0,32767.0,13494.0,-152.0,-309.0,-412.0
-16.0,-8256.0,13120.0,4755.0,32767.0,25396.0,-123.0,-321.0,-392.0
-816.0,-5864.0,11440.0,7254.0,32614.0,32767.0,-120.0,-336.0,-382.0
-1176.0,-4544.0,9104.0,8458.0,29692.0,32767.0,-110.0,-355.0,-355.0
-376.0,-3096.0,9072.0,7131.0,28380.0,32767.0,-123.0,-363.0,-337.0
-1648.0,-2584.0,11032.0,-3993.0,29120.0,32767.0,-145.0,-381.0,-344.0
2336.0,-264.0,14800.0,-3278.0,32078.0,32767.0,-196.0,-380.0,-331.0
9888.0,7216.0,15056.0,-3507.0,32767.0,32767.0,-217.0,-372.0,-335.0
12136.0,21752.0,12968.0,4466.0,32767.0,32767.0,-257.0,-358.0,-340.0
8184.0,28968.0,8760.0,-4662.0,32767.0,32767.0,-269.0,-347.0,-339.0
5328.0,30736.0,11064.0,-2546.0,32767.0,18774.0,-255.0,-334.0,-363.0
3328.0,21056.0,13344.0,-10093.0,32767.0,14824.0,-245.0,-339.0,-383.0
1576.0,21488.0,12416.0,-9298.0,32767.0,15730.0,-208.0,-334.0,-391.0
3592.0,23312.0,14792.0,-12235.0,32767.0,3559.0,-173.0,-328.0,-409.0
3648.0,28000.0,14568.0,-18289.0,32767.0,-13695.0,-143.0,-327.0,-413.0
-808.0,25024.0,11840.0,-23161.0,32767.0,-24816.0,-59.0,-305.0,-418.0
2576.0,20512.0,11336.0,-13413.0,32767.0,-32768.0,-13.0,-282.0,-399.0
424.0,17288.0,6208.0,-7465.0,32767.0,-32768.0,52.0,-237.0,-347.0
-3480.0,11064.0,-328.0,-2803.0,32767.0,-32768.0,80.0,-204.0,-262.0
-6080.0,8096.0,-2040.0,4024.0,32767.0,-29189.0,82.0,-163.0,-222.0
-7568.0,5880.0,-4016.0,3528.0,32767.0,-29565.0,76.0,-127.0,-168.0
-6392.0,2648.0,-6248.0,1304.0,32767.0,-31491.0,47.0,-112.0,-136.0
-3816.0,1624.0,-9184.0,1212.0,32767.0,-30533.0,21.0,-73.0,-106.0
-3056.0,376.0,-10040.0,6446.0,32546.0,-28448.0,-24.0,-65.0,-90.0
-216.0,-112.0,-10552.0,7146.0,32293.0,-28684.0,-66.0,-38.0,-78.0
-432.0,-1128.0,-11336.0,10251.0,32767.0,-31483.0,-98.0,-23.0,-60.0
4952.0,-2328.0,-11040.0,16213.0,32445.0,-32370.0,-139.0,-12.0,-69.0
8544.0,-5872.0,-8944.0,24082.0,32767.0,-32768.0,-195.0,1.0,-85.0
12368.0,-10384.0,-9304.0,30430.0,30892.0,-32768.0,-253.0,13.0,-113.0
14480.0,-14736.0,-11544.0,30867.0,22166.0,-32768.0,-274.0,1.0,-127.0
14504.0,-17472.0,-11360.0,32077.0,9856.0,-22382.0,-304.0,-12.0,-176.0
14720.0,-18520.0,-8192.0,32767.0,676.0,-7193.0,-321.0,-15.0,-204.0
15088.0,-16584.0,-4872.0,32767.0,-2675.0,-127.0,-328.0,-22.0,-243.0
14568.0,-18504.0,2576.0,32767.0,-3057.0,-537.0,-332.0,-33.0,-281.0
12944.0,-19496.0,9472.0,32767.0,8010.0,-3549.0,-328.0,-71.0,-330.0
13232.0,-17960.0,11776.0,32767.0,22118.0,-3424.0,-334.0,-89.0,-366.0
14024.0,-15000.0,14264.0,32767.0,25578.0,-7975.0,-315.0,-142.0,-417.0
12488.0,-16648.0,13592.0,32767.0,31625.0,-15239.0,-304.0,-191.0,-424.0
10088.0,-15824.0,12568.0,29453.0,32767.0,-8288.0,-271.0,-241.0,-433.0
8752.0,-11936.0,13720.0,19914.0,32767.0,-857.0,-242.0,-261.0,-440.0
7160.0,-8256.0,14424.0,10928.0,31269.0,4611.0,-203.0,-285.0,-433.0
5568.0,-7856.0,15824.0,6328.0,32767.0,11495.0,-173.0,-306.0,-419.0
3544.0,-7744.0,16480.0,2759.0,32767.0,18752.0,-154.0,-314.0,-432.0
568.0,-7104.0,16120.0,-1049.0,32767.0,26695.0,-136.0,-306.0,-412.0
472.0,-6304.0,14664.0,-2551.0,32558.0,32767.0,-120.0,-314.0,-404.0
-1424.0,-7256.0,13344.0,-4632.0,30242.0,32767.0,-126.0,-326.0,-395.0
96.0,-4848.0,12320.0,-1151.0,27332.0,32767.0,-137.0,-332.0,-393.0
392.0,-1896.0,11360.0,581.0,29775.0,32767.0,-143.0,-342.0,-376.0
2048.0,2928.0,11416.0,-6044.0,31958.0,32767.0,-166.0,-344.0,-366.0
2616.0,6584.0,10256.0,-1132.0,31919.0,32767.0,-190.0,-347.0,-371.0
2032.0,10984.0,7416.0,959.0,29415.0,32767.0,-204.0,-350.0,-362.0
1888.0,16432.0,6696.0,-804.0,27630.0,32767.0,-202.0,-355.0,-367.0
2072.0,20320.0,7744.0,-1058.0,26031.0,32767.0,-217.0,-353.0,-370.0
2216.0,20872.0,11312.0,-28.0,30120.0,29235.0,-227.0,-352.0,-366.0
2872.0,21592.0,12096.0,-3985.0,32767.0,23009.0,-229.0,-342.0,-381.0
3032.0,21760.0,11880.0,-6218.0,32767.0,16700.0,-208.0,-349.0,-381.0
5144.0,21832.0,10912.0,-5936.0,32767.0,10450.0,-190.0,-344.0,-413.0
5616.0,24176.0,10912.0,-12779.0,32767.0,-2036.0,-162.0,-343.0,-407.0
2192.0,26800.0,14024.0,-14632.0,32767.0,-17335.0,-120.0,-333.0,-407.0
864.0,23312.0,13992.0,-9074.0,32767.0,-30343.0,-44.0,-311.0,-395.0
1288.0,20864.0,14120.0,-11306.0,32767.0,-32768.0,18.0,-279.0,-362.0
1208.0,17424.0,7208.0,-5384.0,32767.0,-32768.0,47.0,-262.0,-335.0
-1296.0,10632.0,96.0,4883.0,32767.0,-32768.0,78.0,-198.0,-255.0
-7128.0,5504.0,-2176.0,7157.0,32767.0,-30773.0,85.0,-180.0,-219.0
-8288.0,3400.0,-4256.0,7966.0,32767.0,-26978.0,64.0,-128.0,-162.0
-7104.0,1856.0,-8320.0,12660.0,29784.0,-21053.0,64.0,-111.0,-140.0
-6720.0,2992.0,-7664.0,21216.0,17778.0,-19241.0,27.0,-94.0,-118.0
-10808.0,1664.0,-4000.0,18306.0,18942.0,-28964.0,5.0,-53.0,-116.0
-2232.0,-3136.0,-9992.0,19888.0,27191.0,-32768.0,-21.0,-36.0,-114.0
680.0,-4352.0,-10424.0,22226.0,24907.0,-32768.0,-66.0,-1.0,-113.0
4776.0,-7816.0,-9808.0,22218.0,22319.0,-32768.0,-124.0,23.0,-125.0
8752.0,-10336.0,-11552.0,21885.0,17078.0,-32768.0,-190.0,35.0,-147.0
10952.0,-13920.0,-11680.0,20374.0,8576.0,-32768.0,-237.0,35.0,-165.0
11176.0,-17280.0,-9992.0,25184.0,-74.0,-32768.0,-266.0,28.0,-172.0
9440.0,-17776.0,-7232.0,28476.0,-4105.0,-22899.0,-307.0,7.0,-201.0
8616.0,-16120.0,-3840.0,32767.0,-1856.0,-11528.0,-321.0,3.0,-219.0
11384.0,-13336.0,-120.0,32767.0,1507.0,-6480.0,-330.0,-4.0,-260.0
12968.0,-13160.0,4808.0,32767.0,8327.0,-11388.0,-326.0,-20.0,-274.0
13392.0,-18056.0,9536.0,32767.0,18265.0,-24211.0,-336.0,-63.0,-347.0
12624.0,-20480.0,11792.0,32767.0,25157.0,-20909.0,-334.0,-114.0,-376.0
12896.0,-19096.0,13064.0,32767.0,30230.0,-12545.0,-329.0,-163.0,-408.0
13536.0,-15408.0,16040.0,32767.0,32696.0,-8219.0,-307.0,-210.0,-434.0
13704.0,-14016.0,16688.0,28867.0,32767.0,-1926.0,-263.0,-246.0,-436.0
11016.0,-13240.0,17256.0,21497.0,32767.0,4397.0,-240.0,-268.0,-440.0
9144.0,-11224.0,17168.0,14974.0,32767.0,14798.0,-215.0,-289.0,-432.0
8024.0,-9848.0,15752.0,8697.0,32767.0,22276.0,-183.0,-289.0,-429.0
4680.0,-9112.0,15480.0,904.0,32767.0,27269.0,-156.0,-310.0,-418.0
1752.0,-6576.0,15160.0,1438.0,32767.0,32767.0,-147.0,-306.0,-417.0
880.0,-6704.0,12560.0,1895.0,32767.0,32767.0,-137.0,-320.0,-388.0
-248.0,-6952.0,9536.0,-17.0,32767.0,32767.0,-145.0,-334.0,-396.0
1504.0,-2440.0,9776.0,-4185.0,30731.0,32767.0,-150.0,-337.0,-378.0
1160.0,2632.0,11464.0,-6573.0,27421.0,32767.0,-161.0,-344.0,-383.0
2072.0,7016.0,12432.0,2629.0,28293.0,32767.0,-179.0,-347.0,-386.0
1384.0,9672.0,11432.0,-1193.0,25816.0,32767.0,-212.0,-348.0,-382.0
1456.0,15192.0,11160.0,-638.0,23658.0,32767.0,-221.0,-349.0,-388.0
952.0,17632.0,14872.0,1383.0,26199.0,32767.0,-225.0,-350.0,-377.0
-536.0,16040.0,18728.0,-1144.0,32767.0,27060.0,-225.0,-345.0,-377.0
1664.0,16896.0,13096.0,-297.0,32767.0,23812.0,-216.0,-334.0,-391.0
3960.0,17568.0,11688.0,-6470.0,32767.0,15384.0,-187.0,-349.0,-401.0
5368.0,19688.0,11648.0,-6437.0,32767.0,10781.0,-166.0,-356.0,-398.0
4784.0,22912.0,11016.0,-10850.0,32767.0,1447.0,-108.0,-349.0,-413.0
5832.0,23664.0,8520.0,-9942.0,32767.0,-9572.0,-91.0,-348.0,-404.0
3000.0,23344.0,7208.0,-11247.0,32767.0,-14136.0,-30.0,-332.0,-386.0
1064.0,23248.0,6864.0,-10447.0,32767.0,-19663.0,30.0,-307.0,-361.0
-1800.0,21552.0,7072.0,-8558.0,32767.0,-22871.0,55.0,-279.0,-330.0
-4176.0,20568.0,7064.0,-4872.0,32767.0,-25630.0,77.0,-261.0,-284.0
-4624.0,17088.0,6280.0,1732.0,32767.0,-28055.0,90.0,-234.0,-237.0
-4784.0,13024.0,2936.0,5332.0,32767.0,-28265.0,89.0,-210.0,-193.0
-4768.0,10008.0,304.0,9418.0,32767.0,-27412.0,84.0,-169.0,-136.0
-3400.0,7424.0,-3312.0,15995.0,32767.0,-26511.0,57.0,-147.0,-101.0
-1952.0,4736.0,-7672.0,23670.0,32767.0,-28466.0,34.0,-115.0,-62.0
736.0,768.0,-10936.0,27293.0,32767.0,-32153.0,11.0,-89.0,-55.0
2088.0,-1896.0,-12360.0,27576.0,31233.0,-32768.0,-66.0,-42.0,-40.0
4688.0,-4160.0,-10640.0,28607.0,26548.0,-32768.0,-123.0,-0.0,-54.0
8416.0,-6376.0,-9696.0,30202.0,21597.0,-32768.0,-157.0,19.0,-67.0
12280.0,-10288.0,-9368.0,27818.0,17250.0,-32768.0,-219.0,23.0,-100.0
13608.0,-14888.0,-10872.0,27001.0,11299.0,-32768.0,-267.0,34.0,-139.0
13928.0,-18088.0,-11232.0,25855.0,3592.0,-27525.0,-300.0,20.0,-155.0
12144.0,-16560.0,-7648.0,27918.0,4311.0,-16331.0,-329.0,8.0,-182.0
12752.0,-17496.0,-5216.0,32767.0,11395.0,-4489.0,-338.0,2.0,-211.0
14544.0,-16504.0,-4752.0,32767.0,14447.0,3806.0,-346.0,-2.0,-245.0
15376.0,-13768.0,-1344.0,32767.0,13540.0,-1901.0,-345.0,-30.0,-309.0
15584.0,-13864.0,4944.0,32767.0,11033.0,-12418.0,-333.0,-61.0,-352.0
11200.0,-20312.0,10120.0,32767.0,18498.0,-18292.0,-329.0,-126.0,-406.0
10664.0,-23656.0,11128.0,32767.0,26899.0,-7134.0,-321.0,-141.0,-416.0
12456.0,-17536.0,11896.0,32767.0,28413.0,6494.0,-291.0,-193.0,-432.0
13752.0,-14128.0,11888.0,32767.0,27732.0,11502.0,-278.0,-225.0,-442.0
9744.0,-14144.0,14368.0,26538.0,27381.0,16918.0,-248.0,-266.0,-431.0
6904.0,-15656.0,13920.0,22980.0,27487.0,29682.0,-233.0,-284.0,-434.0
4232.0,-14976.0,13392.0,20032.0,27978.0,32767.0,-228.0,-304.0,-424.0
5512.0,-11016.0,10080.0,13396.0,26505.0,32767.0,-224.0,-310.0,-411.0
5080.0,-12376.0,10104.0,2984.0,19418.0,32767.0,-227.0,-320.0,-403.0
10560.0,-10304.0,13632.0,1733.0,21398.0,32767.0,-246.0,-304.0,-419.0
12856.0,2400.0,14656.0,3944.0,24710.0,32767.0,-253.0,-288.0,-408.0
8376.0,9520.0,14432.0,3088.0,30098.0,32767.0,-263.0,-268.0,-421.0
4632.0,6200.0,14072.0,2043.0,29477.0,32767.0,-248.0,-261.0,-426.0
3936.0,8960.0,16328.0,5668.0,31048.0,32767.0,-245.0,-258.0,-440.0
1176.0,15032.0,10120.0,-1283.0,32767.0,32767.0,-220.0,-252.0,-444.0
-1048.0,6408.0,18472.0,-22270.0,19723.0,32767.0,-204.0,-247.0,-449.0
-904.0,11976.0,18728.0,-9104.0,23806.0,32767.0,-177.0,-226.0,-460.0
2016.0,11456.0,19304.0,-6352.0,32141.0,32767.0,-157.0,-220.0,-474.0
328.0,12304.0,22248.0,-1238.0,28955.0,25402.0,-132.0,-226.0,-458.0
-3200.0,10320.0,24400.0,-13886.0,32767.0,19049.0,-93.0,-222.0,-458.0
-1880.0,16544.0,23168.0,-6569.0,32767.0,9523.0,-52.0,-220.0,-437.0
-448.0,15472.0,21072.0,-4964.0,32767.0,3221.0,-0.0,-218.0,-409.0
-3272.0,9760.0,16368.0,-8771.0,32767.0,983.0,42.0,-220.0,-372.0
-4160.0,8872.0,10864.0,-6997.0,32767.0,3638.0,76.0,-220.0,-298.0
-5936.0,9200.0,7032.0,-9816.0,32767.0,9957.0,80.0,-224.0,-222.0
-6840.0,9184.0,3440.0,-9381.0,32767.0,16838.0,87.0,-239.0,-175.0
-5256.0,10536.0,1120.0,-8143.0,32767.0,19739.0,52.0,-245.0,-89.0
-3512.0,9352.0,136.0,-6689.0,32767.0,23611.0,26.0,-264.0,-57.0
1704.0,10152.0,-1344.0,-4127.0,32767.0,25087.0,-34.0,-284.0,2.0
4160.0,11880.0,344.0,-5268.0,32767.0,20757.0,-84.0,-296.0,24.0
9080.0,13696.0,-1728.0,11209.0,32767.0,17078.0,-164.0,-302.0,43.0
13456.0,14992.0,-2304.0,23433.0,30174.0,4983.0,-190.0,-285.0,45.0
14616.0,16872.0,-1960.0,32767.0,22037.0,-13201.0,-234.0,-248.0,58.0
11272.0,13696.0,-6328.0,32767.0,9122.0,-32768.0,-253.0,-204.0,55.0
9208.0,3752.0,-6272.0,32767.0,11233.0,-32768.0,-254.0,-166.0,47.0
9008.0,1624.0,-13496.0,32767.0,31673.0,-32768.0,-279.0,-131.0,36.0
8848.0,-3744.0,-13264.0,32767.0,28338.0,-32768.0,-316.0,-99.0,3.0
12720.0,-1376.0,-11616.0,32767.0,32767.0,-32768.0,-343.0,-90.0,-22.0
14104.0,-6112.0,-19864.0,32669.0,20451.0,-32768.0,-392.0,-99.0,-63.0
12400.0,-7096.0,-12088.0,21943.0,12592.0,-28208.0,-401.0,-120.0,-101.0
10920.0,-7768.0,-6720.0,32767.0,20202.0,-16205.0,-426.0,-133.0,-122.0
14192.0,-9016.0,-4896.0,32767.0,28799.0,-4217.0,-443.0,-147.0,-156.0
16664.0,-10664.0,-3528.0,32767.0,29729.0,-3870.0,-434.0,-136.0,-204.0
15880.0,-11824.0,-832.0,32767.0,29461.0,-9353.0,-441.0,-149.0,-243.0
15144.0,-12360.0,2792.0,32767.0,32767.0,-8531.0,-439.0,-155.0,-277.0
15576.0,-11096.0,6912.0,30969.0,32767.0,-5319.0,-420.0,-181.0,-325.0
18360.0,-11640.0,9296.0,32767.0,32767.0,-235.0,-406.0,-201.0,-360.0
20312.0,-12360.0,9344.0,27758.0,32767.0,2123.0,-363.0,-229.0,-386.0
18816.0,-12944.0,9984.0,17265.0,32767.0,5068.0,-330.0,-252.0,-419.0
16680.0,-12864.0,12624.0,10292.0,32767.0,11704.0,-308.0,-246.0,-436.0
11824.0,-11760.0,16408.0,5533.0,32551.0,17993.0,-273.0,-262.0,-442.0
9192.0,-9240.0,17992.0,2737.0,32559.0,28892.0,-245.0,-263.0,-443.0
6256.0,-5168.0,16584.0,-8441.0,31135.0,32767.0,-216.0,-273.0,-448.0
4184.0,-5072.0,17656.0,-10876.0,26113.0,32577.0,-195.0,-256.0,-450.0
1088.0,-10960.0,17336.0,-9677.0,31618.0,32767.0,-194.0,-252.0,-457.0
-584.0,-13304.0,12552.0,-5186.0,30727.0,32767.0,-156.0,-241.0,-455.0
-3312.0,-11872.0,9032.0,-12145.0,27399.0,32767.0,-143.0,-239.0,-458.0
-7224.0,-12928.0,10608.0,-20128.0,21709.0,32767.0,-135.0,-241.0,-453.0
-5320.0,-11648.0,8144.0,-18578.0,13476.0,32767.0,-115.0,-237.0,-449.0
-8048.0,-7408.0,7144.0,-15664.0,5017.0,32767.0,-115.0,-242.0,-447.0
-8304.0,-1824.0,10408.0,-23858.0,6191.0,32767.0,-126.0,-235.0,-452.0
-6040.0,-2216.0,10760.0,-24209.0,8877.0,32767.0,-133.0,-228.0,-459.0
-6680.0,-4064.0,11688.0,-21019.0,3708.0,32767.0,-139.0,-223.0,-457.0
-5896.0,-544.0,11824.0,-20680.0,-474.0,32767.0,-136.0,-206.0,-459.0
-4416.0,4184.0,14616.0,-26791.0,-1435.0,32767.0,-136.0,-201.0,-467.0
-136.0,6216.0,17760.0,-24336.0,3716.0,32767.0,-129.0,-187.0,-468.0
-2160.0,4400.0,18432.0,-28033.0,6245.0,32767.0,-127.0,-185.0,-473.0
-5504.0,-608.0,20800.0,-28532.0,9147.0,32767.0,-120.0,-149.0,-467.0
-3016.0,656.0,24136.0,-18938.0,16592.0,32767.0,-112.0,-137.0,-459.0
-560.0,800.0,24640.0,-16020.0,23840.0,32767.0,-74.0,-136.0,-455.0
-1968.0,-1392.0,27360.0,-12841.0,32767.0,32767.0,-51.0,-136.0,-438.0
-1048.0,-80.0,27640.0,-5525.0,32767.0,32767.0,5.0,-157.0,-402.0
-2680.0,752.0,25984.0,-2953.0,32767.0,32767.0,34.0,-164.0,-402.0
-1920.0,2536.0,24384.0,1792.0,32767.0,32767.0,61.0,-224.0,-334.0
-1296.0,5576.0,19776.0,7838.0,32767.0,32767.0,72.0,-261.0,-289.0
-1424.0,7984.0,18440.0,14683.0,32767.0,32767.0,64.0,-302.0,-214.0
128.0,11568.0,18512.0,21088.0,32767.0,29683.0,34.0,-333.0,-168.0
-472.0,10624.0,13648.0,31262.0,32767.0,23566.0,6.0,-344.0,-103.0
2152.0,11200.0,9624.0,32767.0,32767.0,12235.0,-40.0,-337.0,-40.0
5104.0,11136.0,1928.0,32767.0,32767.0,971.0,-84.0,-321.0,24.0
3080.0,6000.0,-9008.0,18887.0,32767.0,1591.0,-133.0,-287.0,49.0
6416.0,6976.0,48.0,32767.0,32767.0,1928.0,-194.0,-225.0,57.0
7120.0,7896.0,-11400.0,32767.0,25635.0,-5035.0,-233.0,-169.0,64.0
9984.0,-408.0,-12496.0,14666.0,32767.0,-10533.0,-258.0,-150.0,50.0
7488.0,1728.0,-7080.0,32767.0,23973.0,-9979.0,-282.0,-145.0,36.0
9080.0,-1120.0,-10552.0,32767.0,13365.0,-7555.0,-326.0,-96.0,8.0
9432.0,-7384.0,-11712.0,32767.0,21666.0,86.0,-332.0,-82.0,-13.0
11104.0,-11064.0,-9816.0,32767.0,12580.0,3429.0,-343.0,-51.0,-54.0
10104.0,-14896.0,-8936.0,32767.0,1023.0,14449.0,-350.0,-25.0,-103.0
8608.0,-20392.0,-6248.0,32767.0,-6019.0,24422.0,-337.0,-6.0,-145.0
4600.0,-26584.0,-6304.0,32767.0,10727.0,14953.0,-312.0,17.0,-196.0
4888.0,-28608.0,-6192.0,32767.0,22585.0,26745.0,-283.0,44.0,-265.0
8896.0,-26136.0,-2408.0,32767.0,32767.0,31198.0,-253.0,15.0,-351.0
10120.0,-23336.0,5328.0,32767.0,31129.0,25866.0,-208.0,-13.0,-396.0
6768.0,-22136.0,7368.0,32767.0,31302.0,20016.0,-170.0,-46.0,-432.0
3464.0,-20224.0,9840.0,32767.0,31709.0,19830.0,-131.0,-93.0,-442.0
-288.0,-21480.0,12608.0,27698.0,20250.0,20562.0,-111.0,-121.0,-458.0
-2952.0,-21992.0,10128.0,21159.0,16342.0,25456.0,-76.0,-174.0,-449.0
-4856.0,-20352.0,9680.0,3628.0,16822.0,32767.0,-72.0,-185.0,-445.0
-4984.0,-16768.0,8040.0,-8339.0,21287.0,32767.0,-60.0,-208.0,-422.0
-6312.0,-14256.0,7640.0,-26250.0,12278.0,32767.0,-45.0,-229.0,-421.0
-8368.0,-12848.0,7912.0,-32768.0,2616.0,32767.0,-49.0,-228.0,-414.0
-9592.0,-12248.0,10256.0,-30168.0,9757.0,32767.0,-61.0,-263.0,-426.0
-10520.0,-11256.0,7112.0,-27811.0,5871.0,32767.0,-69.0,-261.0,-428.0
-4200.0,-8632.0,6336.0,-21127.0,-4278.0,32767.0,-80.0,-253.0,-438.0
-4032.0,-1272.0,10736.0,-23841.0,2696.0,32767.0,-107.0,-257.0,-439.0
-7272.0,2200.0,13096.0,-21547.0,3103.0,32767.0,-112.0,-269.0,-452.0
-2848.0,3392.0,11200.0,-20495.0,2533.0,32767.0,-123.0,-255.0,-454.0
-3944.0,5744.0,12416.0,-27650.0,6683.0,32767.0,-133.0,-264.0,-449.0
-4392.0,6128.0,16672.0,-32768.0,5391.0,32767.0,-143.0,-231.0,-465.0
-3176.0,5912.0,18968.0,-32768.0,12494.0,32767.0,-137.0,-222.0,-470.0
-3056.0,3032.0,23088.0,-32768.0,27676.0,32767.0,-126.0,-193.0,-469.0
-4656.0,3072.0,26536.0,-24889.0,30896.0,32767.0,-82.0,-172.0,-460.0
-4672.0,-2000.0,26440.0,-16278.0,32767.0,32767.0,-49.0,-179.0,-454.0
-4616.0,-1600.0,28240.0,-8319.0,32767.0,32767.0,-3.0,-197.0,-423.0
-3152.0,-648.0,27992.0,-1221.0,32767.0,32767.0,31.0,-220.0,-382.0
-720.0,880.0,25984.0,5845.0,32767.0,32767.0,47.0,-267.0,-355.0
1024.0,4688.0,21104.0,9160.0,32767.0,32767.0,57.0,-314.0,-290.0
2752.0,8400.0,18424.0,11828.0,32767.0,32767.0,45.0,-342.0,-252.0
592.0,10712.0,15552.0,16854.0,32767.0,32767.0,19.0,-379.0,-180.0
-520.0,10520.0,11784.0,18928.0,32767.0,29553.0,1.0,-379.0,-147.0
1272.0,11544.0,9896.0,24751.0,32767.0,25217.0,-60.0,-412.0,-91.0
2008.0,12776.0,6480.0,27602.0,32767.0,20883.0,-93.0,-391.0,-60.0
3240.0,11608.0,4752.0,32767.0,32767.0,16617.0,-162.0,-370.0,-0.0
2672.0,9784.0,1672.0,32767.0,18795.0,15846.0,-199.0,-328.0,27.0
5256.0,6240.0,-3400.0,32767.0,18183.0,17449.0,-233.0,-279.0,54.0
9384.0,3544.0,-5688.0,32767.0,24894.0,8769.0,-255.0,-219.0,65.0
8728.0,-976.0,-8608.0,32767.0,21359.0,2684.0,-275.0,-139.0,47.0
10400.0,-6432.0,-12560.0,32767.0,4133.0,5036.0,-292.0,-89.0,18.0
8240.0,-10136.0,-10376.0,32767.0,-6774.0,-54.0,-276.0,-30.0,-31.0
3800.0,-14624.0,-7752.0,32767.0,939.0,-3131.0,-284.0,-8.0,-68.0
3976.0,-18472.0,-5688.0,32767.0,5510.0,8881.0,-280.0,12.0,-136.0
3624.0,-24112.0,-3360.0,32767.0,5564.0,15946.0,-278.0,26.0,-176.0
5232.0,-23792.0,-552.0,32767.0,9776.0,24203.0,-246.0,26.0,-273.0
4232.0,-24632.0,5264.0,32767.0,6441.0,30923.0,-217.0,19.0,-303.0
1208.0,-27248.0,5408.0,32767.0,9456.0,27690.0,-178.0,-19.0,-380.0
1488.0,-26432.0,7360.0,32767.0,16701.0,26196.0,-158.0,-55.0,-411.0
1832.0,-21496.0,9424.0,32767.0,21956.0,21825.0,-136.0,-98.0,-437.0
-976.0,-19736.0,12320.0,26260.0,24904.0,23062.0,-110.0,-130.0,-439.0
-5000.0,-18992.0,13976.0,22770.0,13504.0,20765.0,-74.0,-168.0,-445.0
-7512.0,-18456.0,12664.0,19410.0,19482.0,21578.0,-70.0,-201.0,-439.0
-5328.0,-17016.0,8544.0,11197.0,24196.0,26557.0,-55.0,-230.0,-427.0
-7072.0,-14720.0,9592.0,-256.0,14695.0,31609.0,-40.0,-253.0,-406.0
-7912.0,-11952.0,8720.0,-8705.0,15671.0,32767.0,-49.0,-277.0,-397.0
-8424.0,-9520.0,8472.0,-14977.0,18277.0,31627.0,-40.0,-278.0,-393.0
-10368.0,-8568.0,6824.0,-23637.0,16009.0,32767.0,-47.0,-287.0,-397.0
-12088.0,-8416.0,8536.0,-27722.0,17298.0,32767.0,-49.0,-284.0,-392.0
-10208.0,-5608.0,7688.0,-27690.0,11232.0,32767.0,-63.0,-299.0,-397.0
-6680.0,-1496.0,8352.0,-27379.0,6981.0,32767.0,-81.0,-309.0,-404.0
-8896.0,4472.0,9904.0,-32768.0,12697.0,32767.0,-97.0,-301.0,-402.0
-8056.0,3448.0,10824.0,-32768.0,14424.0,32767.0,-111.0,-293.0,-421.0
-4856.0,4672.0,10080.0,-31907.0,10101.0,32767.0,-123.0,-282.0,-434.0
-5816.0,5280.0,11552.0,-32768.0,12972.0,32767.0,-122.0,-268.0,-450.0
2160.0,13136.0,17544.0,-25081.0,3803.0,32767.0,-139.0,-247.0,-454.0
2752.0,12072.0,15896.0,-24112.0,4340.0,32767.0,-140.0,-239.0,-468.0
560.0,9248.0,17040.0,-21575.0,11110.0,28583.0,-135.0,-229.0,-465.0
-3000.0,5232.0,18872.0,-16579.0,16738.0,28166.0,-136.0,-218.0,-469.0
-616.0,6296.0,22608.0,-11429.0,32767.0,26550.0,-103.0,-214.0,-468.0
-1024.0,5376.0,24488.0,-7442.0,32767.0,27877.0,-82.0,-217.0,-463.0
-1688.0,6064.0,26040.0,-1731.0,32767.0,30162.0,-18.0,-223.0,-434.0
-2488.0,7360.0,24512.0,3628.0,32767.0,30334.0,18.0,-247.0,-387.0
-4576.0,7880.0,22592.0,9089.0,32767.0,31050.0,40.0,-278.0,-341.0
-5256.0,9672.0,18448.0,15519.0,32767.0,30580.0,60.0,-316.0,-280.0
-5400.0,10416.0,13256.0,18269.0,32767.0,29565.0,51.0,-342.0,-219.0
-3728.0,11880.0,11168.0,20076.0,32767.0,27463.0,13.0,-370.0,-149.0
-1728.0,12664.0,6848.0,21174.0,32767.0,25239.0,-23.0,-370.0,-94.0
480.0,13032.0,4072.0,20679.0,32767.0,23567.0,-53.0,-369.0,-58.0
2232.0,13824.0,2664.0,23763.0,32767.0,20434.0,-97.0,-358.0,-14.0
3952.0,12120.0,1984.0,31201.0,32767.0,14402.0,-133.0,-355.0,9.0
2400.0,13472.0,1176.0,32767.0,29570.0,9130.0,-179.0,-317.0,33.0
904.0,9336.0,2840.0,32767.0,19588.0,9219.0,-206.0,-295.0,45.0
608.0,5432.0,-648.0,32767.0,10861.0,14649.0,-248.0,-241.0,55.0
5976.0,-1664.0,-1856.0,32767.0,14234.0,14795.0,-244.0,-164.0,64.0
13552.0,-16888.0,-14560.0,32767.0,30508.0,-2393.0,-288.0,-41.0,-37.0
15816.0,-17824.0,-13328.0,32767.0,25431.0,696.0,-292.0,-18.0,-78.0
12432.0,-12552.0,-10008.0,32767.0,-2007.0,7092.0,-303.0,-11.0,-125.0
12920.0,-15856.0,-9776.0,27494.0,8105.0,10540.0,-299.0,4.0,-151.0
7232.0,-16528.0,1224.0,32767.0,-1798.0,27801.0,-278.0,22.0,-218.0
5376.0,-26768.0,3520.0,32767.0,6755.0,32767.0,-232.0,11.0,-301.0
6608.0,-25608.0,4104.0,32767.0,10942.0,32767.0,-192.0,-15.0,-368.0
6064.0,-21144.0,8336.0,32767.0,20872.0,32767.0,-174.0,-45.0,-398.0
6824.0,-21752.0,7672.0,32767.0,18790.0,32767.0,-124.0,-99.0,-438.0
3992.0,-19520.0,8136.0,24559.0,16259.0,21529.0,-99.0,-139.0,-442.0
1016.0,-15808.0,12832.0,16141.0,10407.0,18238.0,-90.0,-165.0,-453.0
-1880.0,-14832.0,12528.0,13610.0,13374.0,19992.0,-74.0,-182.0,-436.0
-4632.0,-14088.0,12984.0,11600.0,14573.0,25763.0,-65.0,-203.0,-442.0
-8264.0,-16496.0,13592.0,6885.0,15139.0,32767.0,-57.0,-230.0,-434.0
-5728.0,-13160.0,12088.0,-908.0,11535.0,32767.0,-53.0,-256.0,-416.0
-7232.0,-11944.0,10552.0,-14973.0,6942.0,32767.0,-56.0,-278.0,-411.0
-7040.0,-8384.0,13072.0,-18776.0,5154.0,32767.0,-74.0,-283.0,-406.0
-7520.0,-5592.0,12360.0,-19985.0,2883.0,32767.0,-95.0,-293.0,-406.0
-9416.0,-4472.0,12504.0,-21785.0,4839.0,32767.0,-98.0,-280.0,-421.0
-6840.0,-808.0,12864.0,-20546.0,5550.0,32767.0,-120.0,-289.0,-419.0
-10320.0,2016.0,13408.0,-22751.0,13890.0,32767.0,-127.0,-275.0,-431.0
-9808.0,1216.0,13712.0,-20333.0,15341.0,32767.0,-126.0,-257.0,-417.0
-9888.0,1776.0,11912.0,-19614.0,12580.0,32767.0,-126.0,-264.0,-424.0
-12640.0,1968.0,11144.0,-25151.0,11216.0,32767.0,-127.0,-258.0,-428.0
-11432.0,888.0,11040.0,-25890.0,6581.0,32767.0,-112.0,-247.0,-434.0
-9144.0,1016.0,11400.0,-26530.0,8855.0,32767.0,-124.0,-231.0,-445.0
-8208.0,2952.0,12704.0,-24680.0,4224.0,32767.0,-126.0,-233.0,-447.0
-5392.0,3216.0,12888.0,-29208.0,6474.0,32767.0,-128.0,-223.0,-449.0
-1240.0,5688.0,17792.0,-25459.0,11748.0,32767.0,-119.0,-217.0,-450.0
-2440.0,7752.0,19960.0,-20817.0,17474.0,32767.0,-110.0,-213.0,-452.0
-5352.0,5312.0,21344.0,-16844.0,32767.0,32767.0,-89.0,-206.0,-457.0
-4880.0,4256.0,22192.0,-12191.0,32767.0,32767.0,-44.0,-208.0,-442.0
-3920.0,4072.0,23752.0,-6295.0,32767.0,32767.0,-3.0,-226.0,-423.0
-3320.0,5496.0,25360.0,544.0,32767.0,32493.0,30.0,-248.0,-393.0
-2464.0,7832.0,24128.0,8011.0,32767.0,28759.0,52.0,-277.0,-337.0
-2512.0,9496.0,20296.0,15437.0,32767.0,24954.0,68.0,-309.0,-273.0
-2648.0,11888.0,16944.0,23096.0,32767.0,19070.0,55.0,-336.0,-176.0
-4728.0,12624.0,11648.0,26784.0,32767.0,16353.0,47.0,-338.0,-134.0
-5408.0,12728.0,8304.0,29412.0,32767.0,14998.0,-0.0,-333.0,-54.0
-3424.0,11112.0,3080.0,32767.0,32767.0,17357.0,-23.0,-326.0,-24.0
-48.0,9072.0,-2048.0,32767.0,32767.0,18296.0,-91.0,-291.0,27.0
4224.0,8648.0,-4840.0,32767.0,29145.0,18286.0,-119.0,-263.0,38.0
6640.0,4808.0,-9792.0,32767.0,28063.0,14708.0,-162.0,-220.0,67.0
5760.0,3608.0,-10976.0,32767.0,22003.0,13108.0,-196.0,-181.0,77.0
8760.0,-360.0,-13072.0,32767.0,18058.0,12518.0,-215.0,-127.0,57.0
9496.0,-3808.0,-14256.0,22102.0,29802.0,6997.0,-233.0,-110.0,37.0
11504.0,-1544.0,-11032.0,26084.0,19398.0,9962.0,-250.0,-91.0,16.0
12008.0,-3856.0,-12144.0,26932.0,15214.0,8932.0,-261.0,-62.0,-11.0
11600.0,-7296.0,-12224.0,23848.0,13961.0,8521.0,-275.0,-46.0,-32.0
12768.0,-6000.0,-9296.0,30405.0,4444.0,8024.0,-269.0,-28.0,-45.0
12040.0,-8464.0,-9344.0,32767.0,-11969.0,10660.0,-267.0,-4.0,-89.0
10200.0,-13392.0,-10592.0,32767.0,-23974.0,20340.0,-254.0,-2.0,-104.0
4224.0,-17104.0,-11192.0,27338.0,-27809.0,26758.0,-225.0,19.0,-151.0
3216.0,-17552.0,-9520.0,32767.0,-28547.0,32273.0,-192.0,28.0,-167.0
192.0,-19880.0,-7944.0,32767.0,-24797.0,32767.0,-166.0,28.0,-224.0
-2152.0,-22584.0,-8064.0,29596.0,-9324.0,32767.0,-131.0,14.0,-270.0
-1800.0,-19640.0,-2592.0,23453.0,-5040.0,32767.0,-94.0,-14.0,-305.0
-3520.0,-16864.0,544.0,27475.0,-8463.0,32767.0,-60.0,-51.0,-345.0
-6896.0,-16840.0,536.0,25180.0,-8446.0,32767.0,-36.0,-80.0,-352.0
-9848.0,-15824.0,1096.0,17016.0,-5746.0,32767.0,-35.0,-111.0,-378.0
-10824.0,-14296.0,3168.0,13099.0,-7445.0,32080.0,-18.0,-144.0,-390.0
-11680.0,-12632.0,2768.0,10817.0,-11940.0,32767.0,-24.0,-182.0,-393.0
-12216.0,-11576.0,3912.0,4489.0,-9190.0,32246.0,-36.0,-198.0,-397.0
-12640.0,-8760.0,4464.0,464.0,-8747.0,32767.0,-43.0,-212.0,-403.0
-12848.0,-7104.0,5352.0,-6364.0,-9876.0,32631.0,-56.0,-234.0,-413.0
-14440.0,-5424.0,7344.0,-11266.0,-9471.0,32767.0,-70.0,-247.0,-412.0
-13072.0,-2616.0,8640.0,-12470.0,-6925.0,32767.0,-94.0,-247.0,-422.0
-11616.0,-144.0,9520.0,-16925.0,-1734.0,32767.0,-107.0,-257.0,-422.0
-11376.0,2616.0,11520.0,-17236.0,3228.0,32550.0,-116.0,-253.0,-426.0
-11432.0,3104.0,11824.0,-19289.0,6081.0,32767.0,-129.0,-251.0,-436.0
-10648.0,2776.0,10840.0,-19136.0,5007.0,32767.0,-120.0,-247.0,-442.0
-10344.0,2624.0,11464.0,-20959.0,4434.0,32767.0,-126.0,-237.0,-439.0
-8720.0,4712.0,11480.0,-17041.0,1576.0,32767.0,-129.0,-236.0,-440.0
-6344.0,5880.0,10736.0,-23140.0,3964.0,32767.0,-131.0,-233.0,-442.0
-5296.0,5560.0,12280.0,-26007.0,6911.0,32767.0,-133.0,-218.0,-444.0
-2888.0,7544.0,15560.0,-26154.0,5835.0,32767.0,-136.0,-206.0,-452.0
-3328.0,8352.0,18336.0,-25253.0,5816.0,32767.0,-126.0,-193.0,-464.0
-4664.0,6728.0,20832.0,-18682.0,10164.0,31847.0,-120.0,-188.0,-469.0
-7168.0,5592.0,21768.0,-12096.0,22308.0,31374.0,-94.0,-183.0,-462.0
-7320.0,4232.0,23664.0,-5941.0,32767.0,31660.0,-65.0,-181.0,-457.0
-6776.0,4704.0,25408.0,1865.0,32767.0,32767.0,-17.0,-202.0,-433.0
-4752.0,4896.0,24032.0,9452.0,32767.0,32767.0,7.0,-235.0,-404.0
-3160.0,6120.0,21736.0,15397.0,32767.0,32767.0,35.0,-275.0,-341.0
-1928.0,8272.0,17848.0,19993.0,32767.0,30550.0,49.0,-296.0,-290.0
-1632.0,10576.0,12128.0,24979.0,32767.0,24247.0,49.0,-328.0,-226.0
-3112.0,10808.0,7720.0,23384.0,32767.0,20495.0,36.0,-355.0,-159.0
-3136.0,11568.0,4256.0,24298.0,32767.0,18476.0,3.0,-349.0,-93.0
-2456.0,11160.0,2160.0,22165.0,32767.0,22370.0,-11.0,-352.0,-80.0
2584.0,12008.0,1024.0,24761.0,32767.0,21313.0,-60.0,-343.0,-12.0
4256.0,12200.0,-2976.0,25894.0,32767.0,19588.0,-127.0,-322.0,21.0
5232.0,9968.0,-5936.0,25596.0,28197.0,18498.0,-171.0,-302.0,43.0
8656.0,8312.0,-7280.0,29810.0,17952.0,19106.0,-206.0,-273.0,58.0
11672.0,9560.0,-7624.0,32767.0,4944.0,14078.0,-217.0,-237.0,67.0
8816.0,4000.0,-11744.0,32767.0,2890.0,10266.0,-219.0,-195.0,65.0
7600.0,2968.0,-8424.0,32767.0,-1290.0,9990.0,-228.0,-159.0,57.0
8280.0,1584.0,-11288.0,32767.0,-9592.0,6076.0,-228.0,-115.0,37.0
6480.0,-7968.0,-14896.0,32767.0,-3282.0,8886.0,-221.0,-72.0,13.0
4024.0,-10544.0,-16112.0,32767.0,-19811.0,20664.0,-200.0,-47.0,-8.0
872.0,-12704.0,-18328.0,24930.0,-22430.0,29749.0,-165.0,-22.0,-44.0
1288.0,-12584.0,-15080.0,19543.0,-12140.0,28194.0,-124.0,-18.0,-78.0
104.0,-12208.0,-13080.0,27074.0,-22913.0,32767.0,-103.0,-18.0,-93.0
-3536.0,-15688.0,-14160.0,17133.0,-15787.0,32767.0,-72.0,-20.0,-137.0
-4240.0,-13568.0,-10528.0,16930.0,-13706.0,32112.0,-32.0,-28.0,-145.0
-6768.0,-13496.0,-9184.0,22242.0,-16701.0,30965.0,-10.0,-36.0,-178.0
-9000.0,-13680.0,-8208.0,23311.0,-17240.0,31530.0,7.0,-71.0,-203.0
-10496.0,-13848.0,-7648.0,14794.0,-12445.0,28290.0,13.0,-98.0,-233.0
-14472.0,-14096.0,-4104.0,15433.0,-13675.0,28354.0,32.0,-114.0,-247.0
-17712.0,-14512.0,-6352.0,10128.0,-14953.0,32767.0,47.0,-142.0,-278.0
-15848.0,-13704.0,-4568.0,761.0,-8390.0,32767.0,38.0,-175.0,-286.0
-15304.0,-9408.0,-2544.0,-3948.0,-8464.0,31293.0,36.0,-218.0,-303.0
-14640.0,-6968.0,-2480.0,-7974.0,-8857.0,30249.0,35.0,-231.0,-311.0
-13704.0,-5536.0,-2832.0,-9883.0,-8014.0,27715.0,22.0,-253.0,-324.0
-13688.0,-4064.0,-3696.0,-13743.0,-3268.0,25667.0,23.0,-264.0,-325.0
-14048.0,-1648.0,-1024.0,-16781.0,-6398.0,28330.0,-3.0,-290.0,-344.0
-13688.0,1144.0,-560.0,-19348.0,-7425.0,28911.0,-17.0,-288.0,-346.0
-13448.0,2016.0,480.0,-24367.0,-4209.0,26307.0,-23.0,-294.0,-360.0
-13784.0,4184.0,4824.0,-24695.0,-3021.0,28706.0,-47.0,-289.0,-387.0
-12448.0,5032.0,5424.0,-24793.0,-943.0,30565.0,-65.0,-291.0,-395.0
-11240.0,6200.0,6144.0,-28594.0,967.0,30668.0,-81.0,-296.0,-395.0
-10576.0,7304.0,10456.0,-30923.0,1246.0,32767.0,-93.0,-290.0,-408.0
-8296.0,8280.0,11136.0,-29352.0,5987.0,32767.0,-107.0,-277.0,-422.0
-5696.0,9192.0,13640.0,-28592.0,9483.0,32767.0,-119.0,-266.0,-445.0
-4304.0,11192.0,15568.0,-25128.0,11948.0,30334.0,-103.0,-258.0,-448.0
-2448.0,9496.0,19728.0,-19576.0,18537.0,29088.0,-98.0,-251.0,-450.0
-3632.0,7968.0,22152.0,-8899.0,31891.0,26108.0,-103.0,-246.0,-458.0
-1328.0,13472.0,25576.0,-3957.0,32767.0,20062.0,-56.0,-246.0,-443.0
-736.0,11976.0,24056.0,10044.0,32767.0,13870.0,-34.0,-257.0,-427.0
-2640.0,13176.0,19232.0,12151.0,32767.0,9316.0,11.0,-280.0,-358.0
-5656.0,14728.0,16480.0,12419.0,32767.0,6894.0,42.0,-289.0,-315.0
-6064.0,14512.0,12472.0,16171.0,32767.0,8366.0,57.0,-306.0,-245.0
-6064.0,13024.0,7040.0,14639.0,32767.0,11448.0,45.0,-317.0,-145.0
-4976.0,13512.0,4112.0,13097.0,32767.0,14608.0,17.0,-312.0,-78.0
-2072.0,13384.0,2424.0,16705.0,32767.0,17636.0,-19.0,-300.0,-23.0
2160.0,11672.0,-520.0,20357.0,32767.0,19674.0,-65.0,-296.0,7.0
5968.0,10488.0,-4360.0,21261.0,32767.0,17639.0,-93.0,-298.0,33.0
6592.0,8552.0,-4832.0,22976.0,32767.0,16686.0,-154.0,-284.0,52.0
9848.0,7536.0,-5560.0,32561.0,30477.0,13646.0,-186.0,-264.0,62.0
11776.0,4528.0,-8688.0,32767.0,19980.0,11295.0,-216.0,-224.0,58.0
10336.0,2256.0,-8072.0,32767.0,12334.0,11412.0,-248.0,-190.0,60.0
10544.0,120.0,-10720.0,32767.0,2801.0,12794.0,-254.0,-120.0,37.0
11296.0,-5224.0,-9624.0,32767.0,4033.0,4718.0,-255.0,-79.0,21.0
8872.0,-5800.0,-11560.0,32767.0,-7622.0,5582.0,-246.0,-22.0,-42.0
7360.0,-10672.0,-12384.0,32767.0,-20420.0,14558.0,-232.0,3.0,-85.0
3600.0,-15496.0,-10616.0,32767.0,-15710.0,29871.0,-210.0,31.0,-149.0
344.0,-20896.0,-7720.0,32767.0,-12770.0,32767.0,-181.0,29.0,-188.0
80.0,-20768.0,-3304.0,32767.0,-12945.0,32767.0,-128.0,31.0,-245.0
-3496.0,-22416.0,1984.0,32767.0,-3436.0,32767.0,-93.0,1.0,-294.0
-6608.0,-25408.0,6784.0,32767.0,12431.0,32767.0,-38.0,-65.0,-356.0
-14720.0,-19464.0,3080.0,32767.0,27035.0,32767.0,-22.0,-96.0,-371.0
-11184.0,-17784.0,5840.0,13558.0,3250.0,32767.0,18.0,-174.0,-362.0
-10608.0,-16456.0,6400.0,3114.0,5638.0,32767.0,15.0,-201.0,-355.0
-17096.0,-14216.0,6224.0,-5703.0,3755.0,32629.0,14.0,-244.0,-358.0
-12752.0,-11432.0,4992.0,-10562.0,14150.0,32041.0,6.0,-266.0,-354.0
-13336.0,-7864.0,5184.0,-17103.0,19360.0,29083.0,2.0,-279.0,-342.0
-15672.0,-5872.0,3784.0,-21774.0,17781.0,24842.0,5.0,-294.0,-332.0
-16392.0,-3664.0,4080.0,-21681.0,12639.0,29959.0,-2.0,-301.0,-330.0
-15184.0,312.0,4344.0,-18116.0,11944.0,32767.0,-9.0,-315.0,-329.0
-14016.0,2696.0,4240.0,-20514.0,15103.0,32767.0,-24.0,-334.0,-341.0
-11384.0,4856.0,3400.0,-23005.0,16140.0,31258.0,-39.0,-340.0,-335.0
-12720.0,8224.0,4760.0,-24751.0,18993.0,28899.0,-45.0,-354.0,-339.0
-10608.0,9760.0,3680.0,-26332.0,22619.0,29445.0,-65.0,-355.0,-355.0
-7256.0,8912.0,4408.0,-30717.0,24622.0,24360.0,-64.0,-352.0,-356.0
-6384.0,11888.0,5568.0,-25493.0,22600.0,20133.0,-76.0,-348.0,-372.0
-3640.0,12904.0,5176.0,-24918.0,16663.0,20928.0,-66.0,-349.0,-373.0
-2640.0,14296.0,6528.0,-30141.0,21264.0,15010.0,-68.0,-345.0,-385.0
-3656.0,15312.0,9872.0,-32768.0,25761.0,12660.0,-49.0,-326.0,-404.0
-3824.0,16512.0,12440.0,-32768.0,27516.0,12862.0,-44.0,-316.0,-399.0
-4536.0,16720.0,17520.0,-32768.0,32767.0,10463.0,-21.0,-304.0,-404.0
-5104.0,15800.0,20560.0,-19811.0,32767.0,8757.0,-0.0,-277.0,-395.0
-5696.0,14680.0,19400.0,-9204.0,32767.0,10708.0,36.0,-291.0,-357.0
-6080.0,13416.0,17104.0,-1113.0,32767.0,10836.0,42.0,-284.0,-325.0
-6456.0,14064.0,14688.0,9151.0,32767.0,11662.0,70.0,-299.0,-250.0
-4920.0,13816.0,10704.0,15429.0,32767.0,11650.0,73.0,-311.0,-203.0
-4024.0,14400.0,6328.0,19635.0,32767.0,12576.0,47.0,-321.0,-129.0
-2680.0,12688.0,3808.0,22504.0,32767.0,13264.0,5.0,-314.0,-59.0
88.0,12112.0,-136.0,27296.0,32767.0,13358.0,-19.0,-310.0,-8.0
2656.0,9144.0,-4296.0,27318.0,32767.0,15226.0,-73.0,-296.0,29.0
5384.0,8840.0,-7112.0,32369.0,32767.0,14671.0,-116.0,-275.0,43.0
7144.0,7168.0,-8160.0,32767.0,29173.0,12905.0,-160.0,-237.0,64.0
7256.0,3736.0,-10032.0,32767.0,16088.0,9927.0,-178.0,-196.0,62.0
7968.0,1272.0,-12864.0,32767.0,6287.0,5334.0,-198.0,-148.0,55.0
6616.0,-3528.0,-14504.0,32767.0,4796.0,75.0,-206.0,-87.0,28.0
7376.0,-4880.0,-14208.0,32767.0,-6479.0,3499.0,-215.0,-58.0,-2.0
5608.0,-7824.0,-14720.0,32767.0,-22746.0,9854.0,-206.0,-28.0,-26.0
2864.0,-15312.0,-15048.0,28969.0,-15080.0,11890.0,-189.0,-0.0,-67.0
856.0,-14816.0,-14584.0,32767.0,-25561.0,21307.0,-170.0,4.0,-99.0
408.0,-12024.0,-11888.0,32767.0,-32768.0,32767.0,-127.0,30.0,-145.0
-5680.0,-18440.0,-7360.0,32767.0,-20980.0,32767.0,-81.0,22.0,-240.0
-9040.0,-20896.0,-8432.0,32767.0,-5996.0,32767.0,-52.0,2.0,-285.0
-9768.0,-17288.0,-6856.0,30393.0,-3038.0,32767.0,-19.0,-55.0,-324.0
-10736.0,-19360.0,-4736.0,11699.0,-7098.0,32767.0,6.0,-82.0,-344.0
-12512.0,-18568.0,-2664.0,5066.0,-3604.0,32767.0,23.0,-103.0,-342.0
-12376.0,-15952.0,-1568.0,3337.0,-6412.0,32416.0,-0.0,-144.0,-345.0
-12336.0,-14344.0,-3488.0,-4045.0,-824.0,31106.0,24.0,-175.0,-368.0
-12888.0,-12480.0,-1928.0,-12436.0,-4654.0,29486.0,21.0,-181.0,-362.0
-14120.0,-9488.0,-880.0,-16721.0,-4321.0,32767.0,17.0,-207.0,-368.0
-11400.0,-8304.0,-2120.0,-24356.0,-6021.0,32767.0,11.0,-214.0,-376.0
-12248.0,-2200.0,2248.0,-30995.0,-3236.0,29839.0,3.0,-226.0,-386.0
-11472.0,1752.0,4112.0,-32768.0,5080.0,29012.0,9.0,-231.0,-391.0
-11440.0,2528.0,4232.0,-32768.0,8096.0,26107.0,6.0,-229.0,-396.0
-12840.0,2600.0,4616.0,-32768.0,6873.0,25134.0,-7.0,-215.0,-395.0
-11600.0,4616.0,6360.0,-32768.0,4422.0,28872.0,-0.0,-215.0,-402.0
-13504.0,6888.0,6976.0,-32768.0,-2106.0,29140.0,7.0,-210.0,-397.0
-9848.0,4704.0,12216.0,-32768.0,-4517.0,27385.0,5.0,-198.0,-399.0
-10144.0,7200.0,13752.0,-32768.0,1911.0,21733.0,2.0,-181.0,-402.0
-12056.0,5936.0,14408.0,-32037.0,6593.0,21410.0,6.0,-192.0,-401.0
-10920.0,5480.0,15488.0,-22551.0,8914.0,18387.0,18.0,-171.0,-395.0
-10832.0,4944.0,15184.0,-17589.0,10594.0,16501.0,27.0,-182.0,-386.0
-9200.0,5216.0,17032.0,-10829.0,16751.0,16763.0,32.0,-177.0,-368.0
-8864.0,5800.0,16544.0,-7340.0,16027.0,19272.0,42.0,-188.0,-355.0
-8856.0,6432.0,17032.0,-5573.0,18886.0,20726.0,53.0,-214.0,-336.0
-10992.0,7064.0,18584.0,-4134.0,28639.0,23557.0,64.0,-244.0,-306.0
-11616.0,7416.0,18768.0,-98.0,32767.0,29640.0,70.0,-257.0,-285.0
-8800.0,7920.0,16720.0,5818.0,32767.0,32767.0,77.0,-283.0,-239.0
-6576.0,10040.0,14016.0,11199.0,32767.0,30983.0,57.0,-318.0,-201.0
-5680.0,11768.0,11328.0,16911.0,32767.0,26499.0,42.0,-343.0,-139.0
-4224.0,11592.0,8048.0,24278.0,32767.0,23582.0,9.0,-352.0,-100.0
-2312.0,11952.0,3936.0,26679.0,32767.0,22348.0,-26.0,-343.0,-57.0
-368.0,10056.0,1224.0,31580.0,32767.0,21177.0,-48.0,-347.0,-26.0
2960.0,10880.0,-2456.0,32767.0,28064.0,21189.0,-103.0,-322.0,23.0
6728.0,8840.0,-7904.0,31811.0,25652.0,17474.0,-131.0,-299.0,39.0
8072.0,7312.0,-11136.0,25446.0,25687.0,10230.0,-177.0,-256.0,48.0
8016.0,6992.0,-9632.0,23918.0,18267.0,11681.0,-208.0,-231.0,63.0
8824.0,8064.0,-10080.0,32767.0,4332.0,12964.0,-216.0,-202.0,65.0
9136.0,3216.0,-12672.0,32767.0,2540.0,8848.0,-237.0,-155.0,60.0
8464.0,232.0,-11664.0,32767.0,-4736.0,5095.0,-236.0,-125.0,47.0
5856.0,-2632.0,-13552.0,32767.0,-18872.0,6029.0,-213.0,-89.0,28.0
2736.0,-10424.0,-19352.0,32767.0,-20305.0,10735.0,-196.0,-51.0,2.0
2240.0,-12792.0,-16744.0,32767.0,-26118.0,13670.0,-174.0,-13.0,-36.0
-600.0,-16600.0,-20160.0,17362.0,-31663.0,21698.0,-152.0,-7.0,-69.0
40.0,-12312.0,-15960.0,32767.0,-32459.0,30560.0,-108.0,6.0,-115.0
-3368.0,-14448.0,-16608.0,32767.0,-26523.0,32767.0,-78.0,9.0,-144.0
-5704.0,-18336.0,-13888.0,32767.0,-18888.0,32767.0,-32.0,-11.0,-219.0
-7512.0,-16208.0,-8800.0,32767.0,-12888.0,32767.0,-17.0,-30.0,-254.0
-9864.0,-14048.0,-8472.0,29263.0,-16816.0,32767.0,6.0,-77.0,-286.0
-12984.0,-15464.0,-8288.0,9660.0,-9469.0,32767.0,26.0,-90.0,-327.0
-12576.0,-15376.0,-6704.0,-751.0,-11435.0,32767.0,30.0,-133.0,-324.0
-12992.0,-11352.0,-6064.0,-7067.0,-13438.0,32659.0,30.0,-168.0,-336.0
-12680.0,-8888.0,-5264.0,-18430.0,-11980.0,29096.0,24.0,-177.0,-354.0
-12240.0,-6736.0,-3024.0,-23520.0,-7813.0,26051.0,23.0,-191.0,-365.0
-13664.0,-6496.0,-1112.0,-26568.0,-8873.0,26464.0,21.0,-206.0,-375.0
-14488.0,-1768.0,728.0,-29324.0,-7503.0,26904.0,18.0,-206.0,-380.0
-14632.0,-232.0,1968.0,-29527.0,-316.0,28373.0,15.0,-206.0,-385.0
-16480.0,-1824.0,1088.0,-32768.0,113.0,31398.0,-5.0,-208.0,-392.0
-13328.0,-4280.0,4944.0,-32768.0,-1321.0,32767.0,6.0,-204.0,-391.0
-11984.0,3592.0,6152.0,-32595.0,-6673.0,27728.0,-0.0,-203.0,-399.0
-10888.0,6400.0,7280.0,-32768.0,-9339.0,28277.0,-1.0,-209.0,-406.0
-8800.0,6656.0,10584.0,-32768.0,-2604.0,27103.0,-11.0,-202.0,-416.0
-9520.0,6000.0,11488.0,-32768.0,-540.0,27058.0,-0.0,-196.0,-422.0
-8776.0,4752.0,12432.0,-32768.0,-94.0,27442.0,-6.0,-187.0,-411.0
-10952.0,2496.0,14352.0,-32768.0,3463.0,30751.0,-0.0,-188.0,-409.0
-9536.0,-248.0,18928.0,-30597.0,9701.0,31837.0,2.0,-179.0,-414.0
-9888.0,248.0,20856.0,-18690.0,13906.0,31560.0,28.0,-193.0,-399.0
-9720.0,-1896.0,21272.0,-12608.0,18775.0,32767.0,23.0,-188.0,-397.0
-8504.0,-1576.0,23568.0,-6401.0,31150.0,32767.0,36.0,-225.0,-372.0
-7760.0,-696.0,23936.0,-920.0,32767.0,32767.0,59.0,-246.0,-346.0
-4560.0,1288.0,25608.0,3871.0,32767.0,32767.0,65.0,-316.0,-298.0
-2600.0,4904.0,23144.0,11803.0,32450.0,32767.0,45.0,-337.0,-262.0
-3088.0,7696.0,18136.0,19794.0,31132.0,30063.0,26.0,-372.0,-208.0
-4120.0,9264.0,13312.0,23915.0,26419.0,25353.0,-9.0,-391.0,-160.0
-4240.0,10264.0,11040.0,32767.0,21153.0,22119.0,-30.0,-391.0,-135.0
-2088.0,11872.0,6072.0,32767.0,16107.0,17864.0,-52.0,-402.0,-86.0
-2256.0,11472.0,-1880.0,32767.0,7118.0,14391.0,-78.0,-358.0,-4.0
-1408.0,7360.0,-2496.0,32767.0,6364.0,11095.0,-94.0,-331.0,17.0
-920.0,10128.0,-6792.0,32767.0,1971.0,716.0,-108.0,-253.0,60.0
-1480.0,6344.0,-16048.0,32767.0,-7233.0,-3228.0,-107.0,-196.0,52.0
-5112.0,-784.0,-15512.0,32767.0,9084.0,1113.0,-108.0,-114.0,33.0
-376.0,-2184.0,-10784.0,32767.0,10335.0,-3154.0,-110.0,-83.0,19.0
824.0,-4984.0,-14280.0,32767.0,4897.0,2386.0,-127.0,-15.0,-31.0
1256.0,-12720.0,-7064.0,32767.0,8333.0,-1527.0,-140.0,8.0,-83.0
1688.0,-15528.0,-5744.0,32767.0,7651.0,4245.0,-139.0,26.0,-136.0
4272.0,-16312.0,-5376.0,32767.0,2688.0,8928.0,-139.0,26.0,-178.0
2840.0,-18592.0,-3336.0,32767.0,4437.0,8057.0,-132.0,20.0,-224.0
1640.0,-19928.0,-1000.0,32767.0,6771.0,11842.0,-127.0,15.0,-279.0
-4248.0,-24888.0,608.0,32767.0,12358.0,24285.0,-98.0,3.0,-306.0
-5896.0,-24304.0,5184.0,32767.0,22212.0,32767.0,-85.0,-18.0,-339.0
-6616.0,-23360.0,8520.0,32767.0,24582.0,32767.0,-32.0,-67.0,-356.0
-6864.0,-24256.0,7080.0,24139.0,28795.0,32767.0,-10.0,-100.0,-367.0
-8984.0,-20896.0,6504.0,12401.0,22180.0,32767.0,28.0,-159.0,-340.0
-10920.0,-18416.0,4504.0,-4009.0,16920.0,30984.0,40.0,-199.0,-324.0
-10976.0,-16208.0,5800.0,-12277.0,5815.0,18519.0,51.0,-219.0,-321.0
-12696.0,-13584.0,3872.0,-15205.0,11576.0,21284.0,51.0,-234.0,-316.0
-12104.0,-11264.0,3032.0,-19010.0,10146.0,21847.0,52.0,-240.0,-298.0
-13064.0,-8592.0,1576.0,-23860.0,10229.0,27818.0,38.0,-268.0,-304.0
-13616.0,-6328.0,400.0,-30851.0,11720.0,28805.0,35.0,-288.0,-294.0
-12000.0,-4544.0,1168.0,-32768.0,12084.0,32767.0,32.0,-295.0,-296.0
-11872.0,-744.0,-8.0,-32768.0,13901.0,30573.0,13.0,-311.0,-293.0
-12448.0,1640.0,-672.0,-32768.0,11871.0,28405.0,9.0,-315.0,-294.0
-10992.0,2552.0,-136.0,-32768.0,8173.0,28526.0,-1.0,-322.0,-314.0
-13256.0,4664.0,1864.0,-32768.0,7210.0,28806.0,-10.0,-328.0,-330.0
-11072.0,7576.0,4400.0,-32768.0,17610.0,30849.0,-30.0,-320.0,-351.0
-6752.0,10048.0,6920.0,-32768.0,10230.0,32558.0,-30.0,-315.0,-376.0
-6880.0,11544.0,6336.0,-32768.0,9803.0,32767.0,-40.0,-310.0,-401.0
-5936.0,10432.0,11256.0,-32768.0,13694.0,32767.0,-52.0,-284.0,-422.0
-5808.0,6824.0,15096.0,-32768.0,21044.0,28142.0,-48.0,-261.0,-443.0
-5064.0,8264.0,19016.0,-32768.0,21227.0,24132.0,-40.0,-236.0,-443.0
-6040.0,5616.0,19896.0,-32768.0,27698.0,25243.0,-28.0,-225.0,-437.0
-6160.0,5640.0,22904.0,-20104.0,30612.0,26562.0,-6.0,-229.0,-426.0
-7096.0,3736.0,23696.0,-11271.0,32767.0,28926.0,26.0,-230.0,-402.0
-7592.0,4768.0,23704.0,-3795.0,32767.0,32128.0,31.0,-252.0,-382.0
-9384.0,4272.0,23072.0,4825.0,32767.0,32767.0,59.0,-283.0,-331.0
-8696.0,6088.0,22232.0,13902.0,32767.0,32767.0,61.0,-302.0,-299.0
-7312.0,7304.0,18384.0,20943.0,32767.0,32767.0,40.0,-349.0,-227.0
-5112.0,8752.0,13680.0,23895.0,32767.0,32767.0,1.0,-381.0,-180.0
-3440.0,9864.0,8840.0,22954.0,30328.0,32767.0,-13.0,-392.0,-136.0
-2736.0,10208.0,6472.0,23738.0,29260.0,32767.0,-78.0,-399.0,-72.0
1944.0,9232.0,4296.0,24767.0,26628.0,32767.0,-115.0,-394.0,-44.0
5144.0,10544.0,2056.0,27624.0,25778.0,32534.0,-174.0,-379.0,-21.0
7088.0,9512.0,-1024.0,29335.0,14358.0,28983.0,-216.0,-352.0,8.0
6440.0,10336.0,-3344.0,31745.0,3916.0,25821.0,-225.0,-338.0,14.0
7112.0,7512.0,-4064.0,30048.0,-2274.0,23018.0,-252.0,-291.0,34.0
8280.0,6328.0,-5576.0,32767.0,-9577.0,21262.0,-253.0,-268.0,50.0
8768.0,2856.0,-11408.0,32616.0,-12957.0,18055.0,-254.0,-215.0,49.0
10776.0,848.0,-11080.0,32767.0,-12500.0,15160.0,-241.0,-169.0,57.0
10560.0,-1008.0,-15344.0,32767.0,-24778.0,8662.0,-228.0,-134.0,59.0
5760.0,-7584.0,-17024.0,32767.0,-23791.0,12403.0,-196.0,-80.0,19.0
6168.0,-10136.0,-18360.0,32767.0,-30543.0,15048.0,-156.0,-45.0,-11.0
3584.0,-11248.0,-16808.0,32120.0,-32768.0,23534.0,-123.0,-36.0,-44.0
1392.0,-12576.0,-12664.0,23014.0,-32768.0,32503.0,-80.0,-18.0,-80.0
-5664.0,-15496.0,-18048.0,26777.0,-32768.0,31016.0,-49.0,-17.0,-104.0
-7296.0,-17832.0,-15976.0,27943.0,-21730.0,32767.0,-13.0,-36.0,-178.0
-8000.0,-15320.0,-12960.0,21882.0,-22254.0,32767.0,15.0,-58.0,-191.0
-10856.0,-15056.0,-11176.0,12348.0,-21230.0,32767.0,39.0,-90.0,-248.0
-13648.0,-14728.0,-8856.0,6362.0,-17928.0,32767.0,39.0,-120.0,-260.0
-7832.0,-5384.0,-3448.0,-4945.0,-17154.0,32767.0,48.0,-160.0,-286.0
-15808.0,-9016.0,-7528.0,-8830.0,-12762.0,32767.0,51.0,-204.0,-309.0
-13616.0,-6528.0,-6792.0,-16669.0,-12365.0,32767.0,44.0,-233.0,-325.0
-12720.0,-2448.0,-4280.0,-24167.0,-9792.0,29979.0,35.0,-246.0,-329.0
-13328.0,-400.0,-4008.0,-31238.0,-3618.0,29704.0,18.0,-255.0,-352.0
-12800.0,608.0,-1328.0,-32768.0,-6069.0,29953.0,9.0,-266.0,-361.0
-11928.0,3608.0,-96.0,-32768.0,-6035.0,28520.0,1.0,-273.0,-381.0
-10848.0,1928.0,3528.0,-32768.0,-3455.0,28219.0,-10.0,-267.0,-390.0
-10952.0,2992.0,5424.0,-32768.0,-2874.0,26362.0,-34.0,-245.0,-414.0
-9920.0,3160.0,8272.0,-32768.0,-1366.0,25739.0,-28.0,-237.0,-424.0
-7960.0,6992.0,10392.0,-32768.0,1008.0,23848.0,-38.0,-226.0,-431.0
-8608.0,7568.0,11736.0,-30080.0,-678.0,22480.0,-39.0,-206.0,-438.0
-8040.0,6416.0,13048.0,-28536.0,-2282.0,21275.0,-36.0,-208.0,-432.0
-6784.0,4952.0,16160.0,-26592.0,-38.0,20961.0,-42.0,-188.0,-444.0
-7280.0,5096.0,18160.0,-22433.0,1920.0,20616.0,-39.0,-196.0,-444.0
-7016.0,3392.0,19504.0,-16911.0,8006.0,24234.0,-27.0,-187.0,-443.0
-4968.0,3016.0,22096.0,-13460.0,12431.0,24721.0,-24.0,-187.0,-438.0
-6056.0,2400.0,24920.0,-6987.0,13974.0,25226.0,5.0,-191.0,-434.0
-6240.0,2824.0,26144.0,-361.0,20360.0,26575.0,3.0,-202.0,-423.0
-6192.0,3880.0,24632.0,7838.0,26897.0,29928.0,21.0,-225.0,-399.0
-6008.0,4304.0,21240.0,13552.0,32767.0,32767.0,43.0,-266.0,-371.0
-4248.0,3776.0,19872.0,28185.0,32767.0,26184.0,38.0,-285.0,-346.0
-4144.0,8976.0,14768.0,14622.0,32767.0,32511.0,47.0,-326.0,-283.0
-1864.0,8776.0,13352.0,20271.0,31182.0,30605.0,35.0,-359.0,-209.0
-1144.0,10064.0,8864.0,18984.0,30620.0,27338.0,-1.0,-388.0,-155.0
-1320.0,10480.0,7856.0,20388.0,26367.0,25600.0,-35.0,-396.0,-130.0
-1184.0,9584.0,6024.0,25914.0,24365.0,24121.0,-55.0,-394.0,-94.0
-992.0,9592.0,2160.0,25069.0,26202.0,25793.0,-85.0,-383.0,-63.0
3392.0,9656.0,1584.0,22612.0,21670.0,26800.0,-128.0,-375.0,-14.0
4160.0,8864.0,352.0,24618.0,23691.0,28367.0,-154.0,-363.0,-9.0
7088.0,6672.0,-3408.0,21596.0,20867.0,32434.0,-210.0,-336.0,27.0
9544.0,5112.0,-6152.0,15163.0,19024.0,32767.0,-232.0,-327.0,16.0
12568.0,4752.0,-7080.0,12844.0,12878.0,32415.0,-267.0,-289.0,24.0
14392.0,3344.0,-8640.0,10642.0,7812.0,29909.0,-299.0,-262.0,29.0
15328.0,2360.0,-9448.0,10412.0,-2159.0,26248.0,-297.0,-246.0,16.0
14744.0,1720.0,-8800.0,10350.0,-6866.0,23414.0,-311.0,-214.0,28.0
16128.0,1064.0,-9128.0,15644.0,-18828.0,19858.0,-307.0,-198.0,32.0
15904.0,704.0,-13872.0,17216.0,-30791.0,13011.0,-292.0,-180.0,40.0
14280.0,-2664.0,-20736.0,4150.0,-31365.0,9286.0,-252.0,-161.0,52.0
14640.0,-144.0,-16416.0,-2803.0,-32768.0,6493.0,-224.0,-163.0,50.0
12016.0,2144.0,-21112.0,-545.0,-32768.0,587.0,-175.0,-159.0,52.0
10352.0,-1728.0,-24152.0,1874.0,-32768.0,-561.0,-140.0,-163.0,45.0
7504.0,-808.0,-21912.0,2011.0,-32768.0,-4133.0,-82.0,-165.0,21.0
3448.0,-680.0,-21472.0,10301.0,-32768.0,-5524.0,-7.0,-152.0,-17.0
-3808.0,-7232.0,-18280.0,8471.0,-32768.0,3340.0,11.0,-145.0,-63.0
-8520.0,-6904.0,-18320.0,8586.0,-32768.0,12961.0,47.0,-134.0,-136.0
-6400.0,-2672.0,-14160.0,886.0,-32768.0,14953.0,65.0,-149.0,-191.0
-9640.0,-3504.0,-11888.0,-3245.0,-22888.0,12564.0,60.0,-166.0,-233.0
-10520.0,-1800.0,-10224.0,-6471.0,-25376.0,13006.0,77.0,-182.0,-249.0
-11648.0,-1128.0,-8744.0,-14216.0,-28252.0,14735.0,53.0,-199.0,-264.0
-11168.0,-256.0,-5928.0,-16157.0,-26345.0,14903.0,51.0,-199.0,-301.0
-11720.0,1960.0,-4392.0,-18676.0,-18188.0,11138.0,36.0,-208.0,-335.0
-13640.0,744.0,-2512.0,-19998.0,-13399.0,10561.0,32.0,-209.0,-351.0
-13264.0,368.0,-1464.0,-21349.0,-22019.0,11787.0,28.0,-210.0,-362.0
-12496.0,1976.0,472.0,-24915.0,-26566.0,14574.0,10.0,-196.0,-380.0
-13768.0,1480.0,3576.0,-31149.0,-23462.0,18959.0,-5.0,-196.0,-404.0
-11512.0,240.0,7832.0,-31459.0,-20361.0,20359.0,-31.0,-198.0,-434.0
-11120.0,2976.0,11168.0,-31331.0,-11472.0,18665.0,-35.0,-182.0,-438.0
-10664.0,2288.0,12456.0,-31260.0,-3279.0,22782.0,-45.0,-170.0,-448.0
-10376.0,488.0,15272.0,-29533.0,-3993.0,22817.0,-52.0,-159.0,-434.0
-9208.0,2392.0,15896.0,-24628.0,-8899.0,20434.0,-48.0,-138.0,-443.0
-10208.0,136.0,16176.0,-27571.0,-1501.0,24834.0,-56.0,-128.0,-438.0
-9304.0,1288.0,19352.0,-20127.0,7538.0,29747.0,-31.0,-130.0,-432.0
-7752.0,304.0,20440.0,-14550.0,16046.0,31848.0,-30.0,-141.0,-421.0
-5424.0,-728.0,20392.0,-12473.0,19606.0,32767.0,-2.0,-152.0,-417.0
-5984.0,-248.0,22920.0,-8636.0,22787.0,31911.0,22.0,-168.0,-388.0
-8112.0,296.0,23024.0,-2892.0,28223.0,32767.0,47.0,-191.0,-372.0
-9056.0,1552.0,22768.0,3491.0,28937.0,32767.0,61.0,-224.0,-339.0
-8488.0,3016.0,19440.0,8073.0,32767.0,32767.0,77.0,-268.0,-306.0
-7728.0,5096.0,17144.0,13401.0,32767.0,32767.0,66.0,-298.0,-249.0
-5776.0,7576.0,14136.0,20839.0,29959.0,32767.0,53.0,-332.0,-219.0
-5160.0,9320.0,9056.0,22464.0,27671.0,30342.0,30.0,-349.0,-167.0
-4464.0,10232.0,6624.0,23150.0,26630.0,29596.0,1.0,-369.0,-125.0
-2528.0,11600.0,4168.0,25197.0,21674.0,28478.0,-32.0,-379.0,-93.0
-648.0,11624.0,3064.0,26197.0,20463.0,29240.0,-68.0,-375.0,-54.0
2056.0,9888.0,344.0,25957.0,23518.0,29282.0,-111.0,-369.0,-16.0
5248.0,9168.0,-1504.0,31615.0,16888.0,28132.0,-144.0,-348.0,-4.0
6072.0,9200.0,-4120.0,32092.0,16731.0,25793.0,-186.0,-321.0,29.0
7416.0,6488.0,-7856.0,28881.0,13804.0,25394.0,-199.0,-299.0,34.0
7584.0,4936.0,-9808.0,27415.0,6747.0,23062.0,-237.0,-251.0,58.0
9608.0,3888.0,-11360.0,26597.0,-4068.0,19350.0,-241.0,-230.0,52.0
10632.0,3680.0,-13728.0,27030.0,-14084.0,13502.0,-234.0,-199.0,58.0
11088.0,2432.0,-17512.0,24875.0,-23009.0,7224.0,-221.0,-177.0,45.0
11976.0,2832.0,-18840.0,27137.0,-32768.0,-362.0,-206.0,-148.0,53.0
8304.0,264.0,-19824.0,32767.0,-32768.0,-4291.0,-168.0,-120.0,39.0
-800.0,-2584.0,-21776.0,28831.0,-32768.0,6326.0,-82.0,-82.0,-3.0
-7976.0,-13232.0,-19512.0,20004.0,-32768.0,13598.0,-43.0,-74.0,-45.0
-11880.0,-10024.0,-16008.0,32767.0,-32768.0,8328.0,-9.0,-62.0,-122.0
-11504.0,-10472.0,-14736.0,32767.0,-32768.0,4202.0,9.0,-69.0,-150.0
-16888.0,-9168.0,-18280.0,17821.0,-23072.0,16078.0,18.0,-58.0,-243.0
-15736.0,-11456.0,-8864.0,16710.0,-15161.0,20897.0,31.0,-78.0,-250.0
-14664.0,-8792.0,-8376.0,15583.0,-18879.0,24006.0,23.0,-103.0,-288.0
-16592.0,-9408.0,-10360.0,8747.0,-22651.0,25852.0,24.0,-131.0,-316.0
-14712.0,-8672.0,-9448.0,1711.0,-20535.0,27539.0,30.0,-155.0,-331.0
-12928.0,-3944.0,-7904.0,-4383.0,-16549.0,28373.0,23.0,-179.0,-355.0
-13728.0,-3784.0,-7592.0,-14277.0,-7784.0,27256.0,10.0,-198.0,-360.0
-14280.0,-3616.0,-5088.0,-21837.0,-5907.0,22616.0,18.0,-208.0,-377.0
-12528.0,-2688.0,-2808.0,-23724.0,-15113.0,23627.0,-5.0,-213.0,-390.0
-11880.0,-872.0,680.0,-26206.0,-17418.0,25557.0,-13.0,-206.0,-404.0
-11064.0,-248.0,4520.0,-25223.0,-17794.0,24188.0,-21.0,-206.0,-414.0
-9056.0,2360.0,9056.0,-21896.0,-13074.0,20592.0,-30.0,-212.0,-423.0
-10712.0,4720.0,10816.0,-21010.0,-858.0,16601.0,-44.0,-196.0,-432.0
-13008.0,2528.0,10800.0,-25643.0,-3991.0,22662.0,-47.0,-191.0,-437.0
-9784.0,2440.0,10928.0,-26841.0,-11324.0,24234.0,-48.0,-185.0,-438.0
-8088.0,1952.0,13008.0,-30694.0,-8762.0,28861.0,-60.0,-169.0,-447.0
-7280.0,3384.0,15536.0,-30484.0,-5491.0,30640.0,-69.0,-160.0,-455.0
-4512.0,2984.0,18296.0,-27224.0,-1759.0,32750.0,-61.0,-155.0,-455.0
-4832.0,2040.0,19608.0,-26845.0,8975.0,32767.0,-47.0,-147.0,-457.0
-5208.0,-720.0,22160.0,-24847.0,28846.0,32767.0,-35.0,-155.0,-463.0
-7392.0,-3104.0,26288.0,-17535.0,32767.0,32767.0,10.0,-169.0,-424.0
-8424.0,-3296.0,27144.0,-10145.0,32767.0,32767.0,23.0,-179.0,-392.0
-10312.0,-1560.0,25232.0,-2043.0,32767.0,32767.0,73.0,-228.0,-322.0
-8176.0,1080.0,21528.0,7109.0,32767.0,32767.0,74.0,-268.0,-279.0
-5024.0,5216.0,16744.0,15945.0,31641.0,32767.0,42.0,-318.0,-216.0
-4592.0,8280.0,13640.0,22923.0,30192.0,32767.0,15.0,-360.0,-173.0
-4440.0,9064.0,9872.0,26448.0,27202.0,32767.0,-6.0,-383.0,-135.0
-2128.0,9232.0,6216.0,32767.0,22041.0,32767.0,-74.0,-383.0,-88.0
1280.0,10320.0,2800.0,32767.0,13601.0,31929.0,-112.0,-385.0,-32.0
3552.0,9016.0,-3400.0,32767.0,10383.0,26072.0,-148.0,-352.0,6.0
4904.0,4592.0,-4648.0,32767.0,9852.0,18511.0,-153.0,-302.0,33.0
4520.0,5032.0,-11920.0,32767.0,2.0,8890.0,-171.0,-278.0,43.0
4912.0,1832.0,-15176.0,32767.0,5428.0,8472.0,-177.0,-204.0,65.0
6528.0,24.0,-13512.0,32767.0,6988.0,6932.0,-186.0,-181.0,69.0
7632.0,1400.0,-16832.0,32767.0,-2750.0,3711.0,-194.0,-122.0,47.0
7688.0,-4056.0,-18184.0,32315.0,514.0,5620.0,-174.0,-84.0,11.0
9544.0,-5600.0,-16472.0,29641.0,-53.0,13835.0,-182.0,-55.0,-8.0
7768.0,-8192.0,-15672.0,32767.0,-13337.0,13891.0,-173.0,-26.0,-34.0
5400.0,-15248.0,-19656.0,23227.0,-14341.0,21842.0,-144.0,-4.0,-62.0
3080.0,-16792.0,-16640.0,17785.0,-19570.0,31480.0,-123.0,-9.0,-94.0
3032.0,-17376.0,-17328.0,21297.0,-30891.0,32767.0,-91.0,-4.0,-114.0
-344.0,-19928.0,-18440.0,9823.0,-24862.0,32767.0,-38.0,-15.0,-145.0
-2536.0,-18352.0,-15112.0,7794.0,-30672.0,32767.0,-5.0,-39.0,-173.0
-4864.0,-15672.0,-14208.0,6941.0,-28844.0,32767.0,24.0,-69.0,-202.0
-8992.0,-13608.0,-11056.0,1038.0,-24517.0,32767.0,42.0,-105.0,-245.0
-9376.0,-10256.0,-7456.0,-3477.0,-20655.0,32767.0,59.0,-138.0,-267.0
-9928.0,-6624.0,-7952.0,-7840.0,-17960.0,32767.0,59.0,-187.0,-289.0
-10184.0,-2896.0,-6768.0,-15467.0,-19805.0,32767.0,48.0,-226.0,-319.0
-9960.0,-1184.0,-5536.0,-28243.0,-17243.0,28736.0,43.0,-246.0,-341.0
-9472.0,216.0,-2912.0,-32768.0,-20628.0,24216.0,19.0,-244.0,-358.0
-9592.0,1344.0,-608.0,-32768.0,-26021.0,22641.0,-0.0,-250.0,-395.0
-10656.0,896.0,5976.0,-32768.0,-14731.0,16582.0,-22.0,-246.0,-421.0
-11256.0,-1632.0,8264.0,-32768.0,-4705.0,16829.0,-31.0,-210.0,-424.0
-11952.0,504.0,10728.0,-26237.0,-9493.0,16216.0,-40.0,-199.0,-436.0
-11384.0,3888.0,11576.0,-21816.0,-15856.0,18934.0,-38.0,-182.0,-433.0
-10592.0,4096.0,12488.0,-23247.0,-10888.0,21726.0,-53.0,-182.0,-448.0
-9680.0,4232.0,13608.0,-26030.0,-6378.0,25498.0,-64.0,-165.0,-453.0
-8024.0,4336.0,15664.0,-26959.0,-6155.0,30352.0,-69.0,-170.0,-448.0
-5600.0,4144.0,16440.0,-30663.0,2511.0,32767.0,-57.0,-159.0,-454.0
-5448.0,1976.0,20216.0,-32768.0,16297.0,32767.0,-51.0,-138.0,-450.0
-7064.0,-568.0,24752.0,-28843.0,25716.0,32767.0,-18.0,-139.0,-434.0
-10088.0,-1520.0,27544.0,-20949.0,32767.0,32767.0,13.0,-152.0,-407.0
-11416.0,-2256.0,25584.0,-11635.0,32767.0,32767.0,51.0,-170.0,-361.0
-12384.0,-1000.0,22760.0,-4517.0,32767.0,32767.0,70.0,-210.0,-327.0
-11208.0,1736.0,19480.0,2236.0,32767.0,32767.0,81.0,-262.0,-268.0
-8968.0,4136.0,15160.0,8627.0,32767.0,32767.0,81.0,-282.0,-238.0
-8288.0,6920.0,12040.0,12260.0,32767.0,32767.0,53.0,-339.0,-180.0
-5720.0,8072.0,8848.0,17554.0,31458.0,32767.0,5.0,-365.0,-114.0
-3616.0,9096.0,7304.0,25041.0,32592.0,32767.0,-26.0,-382.0,-96.0
-720.0,9760.0,5208.0,31867.0,32767.0,32767.0,-95.0,-379.0,-40.0
3080.0,8680.0,2264.0,31343.0,32767.0,32767.0,-168.0,-372.0,-7.0
7200.0,6032.0,-2936.0,31171.0,28333.0,32767.0,-217.0,-340.0,9.0
10048.0,5552.0,-6888.0,26963.0,16348.0,32767.0,-255.0,-307.0,13.0
9872.0,5440.0,-5744.0,24119.0,1454.0,26265.0,-291.0,-267.0,32.0
11624.0,3688.0,-6192.0,27236.0,-5907.0,21815.0,-305.0,-214.0,33.0
11560.0,1592.0,-9664.0,25745.0,-1776.0,19930.0,-287.0,-180.0,38.0
12656.0,-96.0,-9768.0,26720.0,-5288.0,16177.0,-286.0,-169.0,37.0
13960.0,-1560.0,-11440.0,31834.0,-16536.0,10427.0,-286.0,-127.0,32.0
11360.0,-3832.0,-16744.0,25393.0,-25881.0,9288.0,-273.0,-107.0,22.0
9576.0,-5672.0,-20184.0,17902.0,-27789.0,12596.0,-233.0,-90.0,19.0
10056.0,-6224.0,-19272.0,22598.0,-32768.0,14835.0,-208.0,-72.0,16.0
7664.0,-3816.0,-20232.0,20295.0,-32768.0,12437.0,-156.0,-47.0,-16.0
1024.0,-9136.0,-20840.0,11913.0,-32768.0,21836.0,-110.0,-39.0,-37.0
-1640.0,-10528.0,-19840.0,17095.0,-32768.0,23699.0,-70.0,-31.0,-69.0
-1072.0,-11456.0,-17152.0,24191.0,-32768.0,17967.0,-35.0,-38.0,-100.0
-8296.0,-12416.0,-20912.0,11522.0,-32768.0,21421.0,3.0,-52.0,-162.0
-9760.0,-13408.0,-15960.0,10952.0,-28298.0,28487.0,14.0,-67.0,-187.0
-9432.0,-12008.0,-13608.0,11185.0,-31692.0,32767.0,39.0,-80.0,-223.0
-12600.0,-9696.0,-14840.0,-684.0,-25436.0,31673.0,36.0,-107.0,-245.0
-13072.0,-9200.0,-9760.0,-4048.0,-22856.0,31318.0,48.0,-145.0,-289.0
-11040.0,-7136.0,-7592.0,-5475.0,-21768.0,30432.0,53.0,-153.0,-309.0
-12304.0,-2960.0,-8392.0,-16924.0,-17827.0,29295.0,47.0,-191.0,-335.0
-11816.0,-1640.0,-8296.0,-27966.0,-15827.0,25090.0,40.0,-204.0,-346.0
-11624.0,-1856.0,-5608.0,-32768.0,-18404.0,25618.0,21.0,-206.0,-370.0
-10312.0,-576.0,-2328.0,-32768.0,-20947.0,24643.0,9.0,-214.0,-391.0
-9928.0,-1984.0,4008.0,-32768.0,-22716.0,20653.0,-5.0,-198.0,-407.0
-9904.0,696.0,8208.0,-32768.0,-17857.0,19101.0,-30.0,-187.0,-423.0
-10424.0,216.0,10160.0,-32768.0,-6473.0,18756.0,-31.0,-157.0,-427.0
-10720.0,136.0,12504.0,-32768.0,-7909.0,17844.0,-47.0,-144.0,-427.0
-9512.0,1136.0,13888.0,-28039.0,-4328.0,18179.0,-44.0,-134.0,-412.0
-10888.0,1136.0,14776.0,-26440.0,-6534.0,16567.0,-43.0,-131.0,-421.0
-8456.0,712.0,14288.0,-23468.0,-3694.0,18789.0,-39.0,-127.0,-424.0
-7224.0,1680.0,16688.0,-20595.0,-2752.0,17902.0,-30.0,-111.0,-428.0
-8632.0,480.0,17080.0,-20182.0,-20.0,19482.0,-32.0,-104.0,-423.0
-9240.0,656.0,18376.0,-18885.0,8770.0,22562.0,-30.0,-109.0,-413.0
-9552.0,-1048.0,18736.0,-16976.0,8590.0,24492.0,7.0,-110.0,-399.0
-10960.0,-3232.0,22560.0,-13333.0,17937.0,29865.0,32.0,-123.0,-383.0
-14256.0,-3688.0,24688.0,-9208.0,27641.0,32767.0,47.0,-147.0,-360.0
-11960.0,-2824.0,22512.0,-143.0,28190.0,32767.0,63.0,-186.0,-327.0
-11080.0,216.0,19704.0,7525.0,31900.0,32767.0,72.0,-226.0,-291.0
-10864.0,2272.0,17200.0,11839.0,32767.0,32767.0,70.0,-269.0,-258.0
-8920.0,5288.0,15456.0,20668.0,32767.0,32767.0,63.0,-318.0,-206.0
-6400.0,7384.0,12536.0,26314.0,32767.0,32767.0,38.0,-347.0,-177.0
-6168.0,9800.0,8568.0,32767.0,32767.0,32767.0,-7.0,-375.0,-101.0
-4968.0,9616.0,4400.0,28595.0,32767.0,32767.0,-51.0,-381.0,-78.0
-800.0,10712.0,2048.0,32767.0,24602.0,32767.0,-123.0,-367.0,-14.0
1920.0,9800.0,792.0,32767.0,17218.0,32767.0,-173.0,-343.0,14.0
6392.0,6088.0,-6024.0,32767.0,21461.0,32767.0,-220.0,-294.0,47.0
8496.0,3648.0,-6392.0,32767.0,14865.0,32767.0,-253.0,-239.0,48.0
10784.0,2720.0,-7096.0,32767.0,7432.0,27249.0,-274.0,-190.0,63.0
11768.0,-1048.0,-9424.0,32767.0,-158.0,16463.0,-267.0,-134.0,37.0
11736.0,-2504.0,-13160.0,28815.0,2048.0,11521.0,-263.0,-109.0,36.0
11168.0,-4088.0,-12944.0,21403.0,1862.0,16584.0,-263.0,-91.0,23.0
10496.0,-8256.0,-11456.0,22245.0,-12187.0,17772.0,-244.0,-58.0,-9.0
9456.0,-8800.0,-13144.0,23018.0,-23563.0,19956.0,-221.0,-47.0,-11.0
7944.0,-12328.0,-15328.0,16958.0,-27616.0,23844.0,-190.0,-20.0,-33.0
7224.0,-11832.0,-14424.0,16551.0,-25896.0,23875.0,-164.0,-15.0,-45.0
4760.0,-12472.0,-12848.0,8988.0,-28625.0,25271.0,-115.0,-4.0,-81.0
-1096.0,-14576.0,-14688.0,6672.0,-32768.0,32767.0,-80.0,-8.0,-100.0
-1552.0,-16584.0,-18168.0,7269.0,-32768.0,32767.0,-22.0,-15.0,-140.0
-2104.0,-19368.0,-18872.0,3231.0,-27531.0,32767.0,18.0,-53.0,-173.0
-4952.0,-18656.0,-15288.0,-1963.0,-27619.0,32767.0,36.0,-80.0,-196.0
-7400.0,-14112.0,-16224.0,-9052.0,-27309.0,28392.0,45.0,-111.0,-219.0
-10336.0,-13480.0,-13024.0,-15878.0,-18054.0,28955.0,56.0,-141.0,-242.0
-11488.0,-10216.0,-9352.0,-17988.0,-16021.0,26372.0,70.0,-159.0,-245.0
-12392.0,-5888.0,-8360.0,-19284.0,-18014.0,24351.0,61.0,-185.0,-269.0
-13240.0,-4344.0,-6808.0,-27586.0,-16143.0,25101.0,59.0,-195.0,-284.0
-13320.0,-2464.0,-3056.0,-26847.0,-17997.0,27461.0,43.0,-217.0,-314.0
-11344.0,1056.0,-2080.0,-27136.0,-20232.0,27290.0,39.0,-235.0,-340.0
-10536.0,3168.0,-800.0,-31838.0,-16975.0,24454.0,32.0,-248.0,-354.0
-10536.0,3872.0,1568.0,-32768.0,-14366.0,19614.0,11.0,-241.0,-376.0
-10704.0,4616.0,2384.0,-32768.0,-11910.0,16338.0,-5.0,-233.0,-399.0
-9592.0,1128.0,6616.0,-32768.0,-6770.0,16444.0,-14.0,-214.0,-416.0
-11568.0,4696.0,9640.0,-32768.0,-4946.0,19843.0,-22.0,-204.0,-418.0
-9280.0,4848.0,7320.0,-32768.0,-2390.0,21210.0,-23.0,-181.0,-434.0
-9184.0,-576.0,14496.0,-32768.0,2819.0,18802.0,-26.0,-169.0,-427.0
-9936.0,2304.0,14784.0,-32768.0,-2108.0,19649.0,-14.0,-153.0,-421.0
-9440.0,960.0,14064.0,-32768.0,8251.0,23990.0,-13.0,-134.0,-409.0
-10448.0,296.0,17960.0,-29973.0,16507.0,28862.0,3.0,-138.0,-403.0
-11480.0,-704.0,17328.0,-31264.0,16520.0,31783.0,32.0,-138.0,-371.0
-13608.0,-2576.0,17792.0,-30023.0,19921.0,32767.0,44.0,-159.0,-352.0
-13600.0,-3536.0,21336.0,-23417.0,20948.0,32767.0,76.0,-174.0,-322.0
-15424.0,-4688.0,19344.0,-18912.0,21146.0,32767.0,85.0,-212.0,-296.0
-14800.0,-5152.0,19792.0,-10217.0,24492.0,32767.0,74.0,-266.0,-279.0
-15072.0,-2856.0,18888.0,-4640.0,24548.0,32767.0,60.0,-311.0,-258.0
-13200.0,32.0,17968.0,-1793.0,18124.0,32767.0,24.0,-356.0,-229.0
-7728.0,1704.0,13512.0,6466.0,8929.0,32767.0,-7.0,-382.0,-236.0
-2288.0,6432.0,10896.0,14921.0,7980.0,32767.0,-78.0,-426.0,-201.0
2352.0,7656.0,14304.0,27757.0,12004.0,32767.0,-122.0,-437.0,-182.0
7928.0,5928.0,14656.0,32767.0,4591.0,32767.0,-207.0,-431.0,-141.0
11792.0,5224.0,5848.0,32767.0,-600.0,32050.0,-265.0,-382.0,-57.0
10608.0,4576.0,-6376.0,32767.0,-16737.0,8409.0,-290.0,-310.0,3.0
12296.0,3880.0,-13152.0,32767.0,-16453.0,-651.0,-276.0,-234.0,50.0
11368.0,5184.0,-17160.0,32767.0,-7910.0,-1585.0,-269.0,-170.0,50.0
8096.0,3176.0,-14880.0,32767.0,-14946.0,-463.0,-267.0,-125.0,62.0
6808.0,896.0,-14208.0,32767.0,-23938.0,2773.0,-240.0,-89.0,31.0
